station_id,time,min_value,max_value,mean_value,perc_of_norm
100,2019-04-01,7,54,27,54
100,2019-04-02,19,62,35,70
100,2019-04-03,34,92,56,112
100,2019-04-04,27,74,53,106
100,2019-04-05,18,81,54,108
100,2019-04-06,54,150,74,148
100,2019-04-07,50,100,74,148
100,2019-04-08,38,136,78,156
100,2019-04-09,49,104,70,140
100,2019-04-10,34,69,49,98
100,2019-04-11,37,68,51,102
100,2019-04-12,32,95,54,108
100,2019-04-13,60,121,83,166
100,2019-04-14,28,102,52,104
100,2019-04-15,23,116,52,104
100,2019-04-16,15,87,47,94
100,2019-04-17,21,98,44,88
100,2019-04-18,16,182,70,140
100,2019-04-19,11,119,53,106
100,2019-04-20,8,101,45,90
100,2019-04-21,4,65,35,70
100,2019-04-22,16,71,40,80
100,2019-04-23,18,54,30,60
100,2019-04-26,5,39,18,36
100,2019-04-27,10,48,27,54
100,2019-04-28,33,65,49,98
100,2019-04-29,17,74,38,76
100,2019-04-30,25,91,42,84
101,2019-04-02,18,54,31,62
101,2019-04-03,35,66,48,96
101,2019-04-04,25,68,46,92
101,2019-04-05,16,67,47,94
101,2019-04-06,54,93,63,126
101,2019-04-07,43,100,68,136
101,2019-04-08,29,92,63,126
101,2019-04-09,48,90,64,128
101,2019-04-10,32,53,44,88
101,2019-04-11,37,59,45,90
101,2019-04-12,32,67,46,92
101,2019-04-13,52,97,69,138
101,2019-04-14,22,82,45,90
101,2019-04-15,20,84,42,84
101,2019-04-16,12,84,42,84
101,2019-04-17,16,104,40,80
101,2019-04-18,14,109,51,102
101,2019-04-19,8,106,37,74
101,2019-04-20,8,67,34,68
101,2019-04-21,6,48,25,50
101,2019-04-22,11,48,28,56
101,2019-04-23,16,34,25,50
101,2019-04-26,6,28,14,28
101,2019-04-27,11,46,27,54
101,2019-04-28,24,63,43,86
101,2019-04-29,14,39,29,58
101,2019-04-30,21,48,33,66
102,2019-04-02,26,46,33,66
102,2019-04-03,33,69,48,96
102,2019-04-04,25,73,46,92
102,2019-04-05,18,75,49,98
102,2019-04-06,55,97,66,132
102,2019-04-07,47,121,70,140
102,2019-04-08,33,89,65,130
102,2019-04-09,50,92,66,132
102,2019-04-10,33,56,47,94
102,2019-04-11,37,62,47,94
102,2019-04-12,34,76,51,102
102,2019-04-13,54,97,71,142
102,2019-04-14,30,87,50,100
102,2019-04-15,20,103,46,92
102,2019-04-16,16,88,43,86
102,2019-04-17,18,61,39,78
102,2019-04-18,16,112,49,98
102,2019-04-19,8,96,36,72
102,2019-04-20,8,64,32,64
102,2019-04-21,5,48,25,50
102,2019-04-22,11,53,30,60
102,2019-04-23,15,36,26,52
102,2019-04-26,5,27,14,28
102,2019-04-27,12,51,27,54
102,2019-04-28,26,60,42,84
102,2019-04-29,20,44,29,58
102,2019-04-30,21,50,34,68
103,2019-04-10,16,52,35,70
103,2019-04-11,32,61,45,90
103,2019-04-12,33,76,50,100
103,2019-04-13,52,164,78,156
103,2019-04-14,21,92,47,94
103,2019-04-15,20,92,43,86
103,2019-04-16,14,112,47,94
103,2019-04-17,15,152,48,96
103,2019-04-18,17,176,84,168
103,2019-04-19,8,177,53,106
103,2019-04-20,7,81,40,80
103,2019-04-21,5,75,34,68
103,2019-04-22,14,66,33,66
103,2019-04-23,15,44,26,52
103,2019-04-26,5,44,18,36
103,2019-04-27,10,46,30,60
103,2019-04-28,20,65,49,98
103,2019-04-29,21,51,36,72
103,2019-04-30,21,48,31,62
104,2019-04-01,4,56,18,36
104,2019-04-02,18,43,25,50
104,2019-04-03,27,61,42,84
104,2019-04-04,21,58,39,78
104,2019-04-05,16,62,39,78
104,2019-04-06,50,83,61,122
104,2019-04-07,43,96,68,136
104,2019-04-08,27,83,56,112
104,2019-04-09,48,77,61,122
104,2019-04-10,33,54,43,86
104,2019-04-11,34,60,46,92
104,2019-04-12,34,80,50,100
104,2019-04-13,54,101,73,146
104,2019-04-14,22,83,43,86
104,2019-04-15,19,73,36,72
104,2019-04-16,11,79,36,72
104,2019-04-17,12,102,42,84
104,2019-04-18,13,98,48,96
104,2019-04-19,7,86,36,72
104,2019-04-20,7,84,31,62
104,2019-04-21,5,62,28,56
104,2019-04-22,10,71,31,62
104,2019-04-23,14,52,24,48
104,2019-04-26,4,23,12,24
104,2019-04-27,9,54,27,54
104,2019-04-28,24,61,46,92
105,2019-04-01,4,66,22,44
105,2019-04-03,37,63,49,98
105,2019-04-04,27,63,47,94
105,2019-04-05,18,63,41,82
105,2019-04-06,51,80,63,126
105,2019-04-07,44,102,71,142
105,2019-04-08,30,134,68,136
105,2019-04-09,51,88,66,132
105,2019-04-10,34,55,46,92
105,2019-04-11,36,65,51,102
105,2019-04-12,35,76,53,106
105,2019-04-13,56,113,75,150
105,2019-04-14,24,88,47,94
105,2019-04-15,21,79,43,86
105,2019-04-16,12,84,40,80
105,2019-04-17,13,154,52,104
105,2019-04-18,14,106,52,104
105,2019-04-19,10,108,42,84
105,2019-04-20,9,68,41,82
105,2019-04-21,6,73,35,70
105,2019-04-22,9,93,36,72
105,2019-04-23,14,46,25,50
105,2019-04-26,6,36,18,36
105,2019-04-27,11,53,27,54
105,2019-04-28,28,61,44,88
105,2019-04-29,14,48,27,54
105,2019-04-30,23,48,32,64
106,2019-04-02,18,52,31,62
106,2019-04-03,36,66,53,106
106,2019-04-04,30,74,51,102
106,2019-04-05,18,88,53,106
106,2019-04-06,56,123,73,146
106,2019-04-07,42,115,74,148
106,2019-04-08,29,101,67,134
106,2019-04-09,44,122,66,132
106,2019-04-10,37,60,49,98
106,2019-04-11,40,67,49,98
106,2019-04-12,36,85,53,106
106,2019-04-13,53,106,74,148
106,2019-04-14,29,81,50,100
106,2019-04-15,17,98,44,88
106,2019-04-16,13,116,46,92
106,2019-04-17,19,87,43,86
106,2019-04-18,14,123,53,106
106,2019-04-19,8,124,44,88
106,2019-04-20,8,63,32,64
106,2019-04-21,4,75,29,58
106,2019-04-22,10,45,28,56
106,2019-04-23,14,35,25,50
106,2019-04-26,6,32,16,32
106,2019-04-27,12,50,31,62
106,2019-04-28,43,67,52,104
106,2019-04-29,18,54,34,68
106,2019-04-30,22,55,36,72
107,2019-04-01,6,60,22,44
107,2019-04-03,35,67,48,96
107,2019-04-04,25,68,45,90
107,2019-04-05,18,72,44,88
107,2019-04-06,52,100,68,136
107,2019-04-07,44,96,71,142
107,2019-04-08,32,121,69,138
107,2019-04-09,51,99,68,136
107,2019-04-10,37,58,48,96
107,2019-04-11,38,72,52,104
107,2019-04-12,36,84,55,110
107,2019-04-13,65,129,82,164
107,2019-04-14,27,96,50,100
107,2019-04-15,23,78,45,90
107,2019-04-16,14,90,42,84
107,2019-04-17,14,212,62,124
107,2019-04-18,14,136,62,124
107,2019-04-19,8,174,51,102
107,2019-04-20,10,75,38,76
107,2019-04-21,5,107,38,76
107,2019-04-22,9,81,37,74
107,2019-04-23,14,56,27,54
107,2019-04-26,4,31,14,28
107,2019-04-27,11,52,28,56
107,2019-04-28,31,62,51,102
107,2019-04-29,21,62,35,70
107,2019-04-30,22,52,33,66
108,2019-04-01,9,50,27,54
108,2019-04-03,34,87,50,100
108,2019-04-04,24,92,49,98
108,2019-04-05,16,99,54,108
108,2019-04-06,54,122,70,140
108,2019-04-07,44,106,74,148
108,2019-04-08,35,116,74,148
108,2019-04-09,48,96,67,134
108,2019-04-10,38,59,51,102
108,2019-04-11,40,71,55,110
108,2019-04-12,38,95,58,116
108,2019-04-13,63,123,88,176
108,2019-04-14,27,111,54,108
108,2019-04-15,22,124,51,102
108,2019-04-16,12,94,49,98
108,2019-04-17,16,114,43,86
108,2019-04-18,13,173,71,142
108,2019-04-19,8,131,46,92
108,2019-04-20,8,69,37,74
108,2019-04-21,4,53,26,52
108,2019-04-22,9,56,31,62
108,2019-04-23,14,35,25,50
108,2019-04-26,5,30,14,28
108,2019-04-27,11,46,27,54
108,2019-04-28,33,66,49,98
108,2019-04-29,19,44,32,64
108,2019-04-30,26,52,37,74
109,2019-04-10,36,65,51,102
109,2019-04-11,40,81,53,106
109,2019-04-12,35,82,58,116
109,2019-04-13,55,162,86,172
109,2019-04-14,37,81,53,106
109,2019-04-15,25,94,48,96
109,2019-04-16,16,93,46,92
109,2019-04-17,26,108,49,98
109,2019-04-18,18,132,62,124
109,2019-04-19,9,125,47,94
109,2019-04-20,8,66,36,72
109,2019-04-21,5,50,26,52
109,2019-04-22,12,61,36,72
109,2019-04-23,16,42,28,56
109,2019-04-26,6,28,14,28
109,2019-04-27,10,51,28,56
109,2019-04-28,28,57,45,90
109,2019-04-29,22,64,35,70
109,2019-04-30,23,52,33,66
110,2019-04-02,20,60,33,66
110,2019-04-03,33,66,49,98
110,2019-04-04,26,70,47,94
110,2019-04-05,17,76,48,96
110,2019-04-06,59,110,69,138
110,2019-04-07,44,112,72,144
110,2019-04-08,30,94,64,128
110,2019-04-09,48,84,66,132
110,2019-04-10,36,59,49,98
110,2019-04-11,39,60,47,94
110,2019-04-12,36,77,51,102
110,2019-04-13,54,105,73,146
110,2019-04-14,27,85,49,98
110,2019-04-15,20,93,42,84
110,2019-04-16,13,92,44,88
110,2019-04-17,20,101,44,88
110,2019-04-18,14,137,54,108
110,2019-04-19,8,109,41,82
110,2019-04-20,8,61,34,68
110,2019-04-21,5,59,27,54
110,2019-04-22,12,50,30,60
110,2019-04-23,15,37,26,52
110,2019-04-26,6,25,15,30
110,2019-04-27,12,52,30,60
110,2019-04-28,28,60,46,92
110,2019-04-29,14,43,29,58
110,2019-04-30,23,52,34,68
112,2019-04-03,34,73,50,100
112,2019-04-04,26,68,49,98
112,2019-04-05,15,76,49,98
112,2019-04-06,56,100,67,134
112,2019-04-07,43,105,71,142
112,2019-04-08,30,96,65,130
112,2019-04-09,49,82,63,126
112,2019-04-10,31,54,44,88
112,2019-04-11,31,57,42,84
112,2019-04-12,31,70,47,94
112,2019-04-13,49,96,69,138
112,2019-04-14,23,88,46,92
112,2019-04-15,19,90,44,88
112,2019-04-16,13,94,43,86
112,2019-04-17,14,135,45,90
112,2019-04-18,14,133,53,106
112,2019-04-19,8,135,43,86
112,2019-04-20,8,69,35,70
112,2019-04-21,4,52,25,50
112,2019-04-22,10,53,29,58
112,2019-04-23,12,34,23,46
112,2019-04-26,5,27,14,28
112,2019-04-27,11,46,28,56
112,2019-04-28,36,64,49,98
112,2019-04-29,12,49,28,56
112,2019-04-30,22,49,35,70
113,2019-04-02,15,52,29,58
113,2019-04-03,32,64,46,92
113,2019-04-04,23,64,43,86
113,2019-04-05,16,68,43,86
113,2019-04-06,54,90,62,124
113,2019-04-07,42,102,67,134
113,2019-04-08,26,79,55,110
113,2019-04-09,41,76,59,118
113,2019-04-10,32,50,42,84
113,2019-04-11,29,50,39,78
113,2019-04-12,32,64,43,86
113,2019-04-13,49,84,62,124
113,2019-04-14,23,73,43,86
113,2019-04-15,16,69,36,72
113,2019-04-16,11,66,33,66
113,2019-04-17,16,123,40,80
113,2019-04-18,13,115,42,84
113,2019-04-19,8,88,38,76
113,2019-04-20,7,66,28,56
113,2019-04-21,5,47,24,48
113,2019-04-22,8,57,27,54
113,2019-04-23,13,35,23,46
113,2019-04-26,6,24,12,24
113,2019-04-27,11,46,28,56
113,2019-04-28,24,58,42,84
113,2019-04-29,13,40,26,52
113,2019-04-30,19,53,31,62
114,2019-04-02,16,54,31,62
114,2019-04-03,32,68,48,96
114,2019-04-04,24,75,46,92
114,2019-04-05,14,72,48,96
114,2019-04-06,54,94,63,126
114,2019-04-07,42,108,70,140
114,2019-04-08,28,105,67,134
114,2019-04-09,48,95,67,134
114,2019-04-10,33,55,44,88
114,2019-04-11,30,57,41,82
114,2019-04-12,32,73,47,94
114,2019-04-13,48,98,68,136
114,2019-04-14,24,86,45,90
114,2019-04-15,19,106,43,86
114,2019-04-16,11,98,43,86
114,2019-04-17,12,101,36,72
114,2019-04-18,13,135,59,118
114,2019-04-19,6,124,40,80
114,2019-04-20,6,72,35,70
114,2019-04-21,4,51,24,48
114,2019-04-22,9,49,27,54
114,2019-04-23,13,33,23,46
114,2019-04-26,5,33,14,28
114,2019-04-27,9,47,25,50
114,2019-04-28,30,60,45,90
114,2019-04-29,10,40,25,50
114,2019-04-30,19,47,30,60
115,2019-04-01,3,42,16,32
115,2019-04-02,17,52,28,56
115,2019-04-03,31,65,46,92
115,2019-04-04,20,64,42,84
115,2019-04-05,14,69,43,86
115,2019-04-06,52,88,62,124
115,2019-04-07,34,104,66,132
115,2019-04-08,21,82,55,110
115,2019-04-09,36,77,58,116
115,2019-04-10,30,50,41,82
115,2019-04-11,28,49,38,76
115,2019-04-12,31,64,42,84
115,2019-04-13,46,84,62,124
115,2019-04-14,20,73,42,84
115,2019-04-15,13,70,35,70
115,2019-04-16,10,69,33,66
115,2019-04-17,14,114,37,74
115,2019-04-18,11,113,45,90
115,2019-04-19,5,86,36,72
115,2019-04-20,5,68,28,56
115,2019-04-21,4,56,24,48
115,2019-04-22,8,60,29,58
115,2019-04-23,13,36,22,44
115,2019-04-26,4,20,11,22
115,2019-04-27,10,44,24,48
115,2019-04-28,19,53,37,74
115,2019-04-29,14,40,23,46
115,2019-04-30,17,51,28,56
116,2019-04-01,4,46,18,36
116,2019-04-02,22,46,29,58
116,2019-04-03,31,58,45,90
116,2019-04-04,25,64,43,86
116,2019-04-05,17,64,40,80
116,2019-04-06,49,79,59,118
116,2019-04-07,40,92,62,124
116,2019-04-08,34,89,54,108
116,2019-04-09,47,77,63,126
116,2019-04-10,35,67,50,100
116,2019-04-11,37,60,48,96
116,2019-04-12,35,68,49,98
116,2019-04-13,56,114,76,152
116,2019-04-14,25,90,46,92
116,2019-04-15,20,71,40,80
116,2019-04-16,14,60,35,70
116,2019-04-17,14,93,38,76
116,2019-04-18,15,112,39,78
116,2019-04-19,8,72,36,72
116,2019-04-20,8,56,28,56
116,2019-04-21,4,50,24,48
116,2019-04-22,9,44,27,54
116,2019-04-23,13,35,23,46
116,2019-04-26,5,24,13,26
116,2019-04-27,11,45,25,50
116,2019-04-28,22,57,39,78
116,2019-04-29,14,36,22,44
116,2019-04-30,20,58,32,64
117,2019-04-02,19,63,37,74
117,2019-04-03,41,97,58,116
117,2019-04-04,26,80,53,106
117,2019-04-05,19,84,54,108
117,2019-04-06,55,142,75,150
117,2019-04-07,48,105,74,148
117,2019-04-08,33,122,73,146
117,2019-04-09,46,151,77,154
117,2019-04-10,37,62,53,106
117,2019-04-11,41,68,52,104
117,2019-04-12,36,86,57,114
117,2019-04-13,60,123,84,168
117,2019-04-14,30,109,54,108
117,2019-04-15,21,105,52,104
117,2019-04-16,14,127,50,100
117,2019-04-17,20,78,41,82
117,2019-04-18,14,138,63,126
117,2019-04-19,8,132,51,102
117,2019-04-20,8,82,42,84
117,2019-04-21,4,56,29,58
117,2019-04-22,11,57,34,68
117,2019-04-23,14,40,26,52
117,2019-04-26,5,36,18,36
117,2019-04-27,12,48,30,60
117,2019-04-28,25,72,53,106
117,2019-04-29,19,49,35,70
117,2019-04-30,24,52,37,74
118,2019-04-01,5,42,19,38
118,2019-04-02,19,47,30,60
118,2019-04-03,36,62,48,96
118,2019-04-04,24,64,45,90
118,2019-04-05,18,75,45,90
118,2019-04-06,56,95,64,128
118,2019-04-07,44,104,69,138
118,2019-04-08,27,81,57,114
118,2019-04-09,46,80,63,126
118,2019-04-10,37,54,46,92
118,2019-04-11,32,52,41,82
118,2019-04-12,33,71,45,90
118,2019-04-13,52,84,66,132
118,2019-04-14,24,74,47,94
118,2019-04-15,15,73,37,74
118,2019-04-16,13,70,36,72
118,2019-04-17,17,70,38,76
118,2019-04-18,15,132,54,108
118,2019-04-19,8,88,36,72
118,2019-04-20,8,67,29,58
118,2019-04-21,5,55,25,50
118,2019-04-22,11,61,34,68
118,2019-04-23,15,39,26,52
118,2019-04-26,6,27,13,26
118,2019-04-27,12,47,28,56
118,2019-04-28,22,58,42,84
118,2019-04-29,18,42,27,54
118,2019-04-30,22,55,33,66
119,2019-04-01,12,58,29,58
119,2019-04-02,19,68,45,90
119,2019-04-03,44,206,75,150
119,2019-04-04,31,114,64,128
119,2019-04-05,24,111,62,124
119,2019-04-06,58,133,76,152
119,2019-04-07,53,142,79,158
119,2019-04-08,38,131,77,154
119,2019-04-09,49,112,71,142
119,2019-04-10,38,66,51,102
119,2019-04-11,38,64,48,96
119,2019-04-12,36,93,57,114
119,2019-04-13,54,122,79,158
119,2019-04-14,36,108,55,110
119,2019-04-15,24,139,56,112
119,2019-04-16,18,129,53,106
119,2019-04-17,24,73,45,90
119,2019-04-18,19,147,72,144
119,2019-04-19,10,138,50,100
119,2019-04-20,9,81,43,86
119,2019-04-21,6,57,32,64
119,2019-04-22,14,59,36,72
119,2019-04-23,20,55,32,64
119,2019-04-26,8,56,21,42
119,2019-04-27,12,46,30,60
119,2019-04-28,22,65,50,100
119,2019-04-29,26,56,38,76
119,2019-04-30,25,56,36,72
12,2019-04-01,3,47,17,34
12,2019-04-03,30,74,49,98
12,2019-04-04,23,67,46,92
12,2019-04-05,14,70,46,92
12,2019-04-06,48,92,61,122
12,2019-04-07,33,90,64,128
12,2019-04-08,24,117,62,124
12,2019-04-09,43,87,63,126
12,2019-04-10,29,54,42,84
12,2019-04-11,28,53,41,82
12,2019-04-12,30,75,51,102
12,2019-04-13,48,103,67,134
12,2019-04-14,22,87,43,86
12,2019-04-15,18,85,43,86
12,2019-04-16,11,89,41,82
12,2019-04-17,12,97,34,68
12,2019-04-18,11,132,57,114
12,2019-04-19,7,118,46,92
12,2019-04-20,5,78,35,70
12,2019-04-21,3,52,23,46
12,2019-04-22,8,50,25,50
12,2019-04-23,12,31,21,42
12,2019-04-25,6,39,20,40
12,2019-04-26,3,26,12,24
12,2019-04-27,8,44,21,42
12,2019-04-28,25,56,40,80
12,2019-04-29,10,40,20,40
12,2019-04-30,16,41,27,54
120,2019-04-01,6,52,23,46
120,2019-04-02,18,73,34,68
120,2019-04-03,42,110,61,122
120,2019-04-04,32,77,56,112
120,2019-04-05,20,86,56,112
120,2019-04-06,56,116,73,146
120,2019-04-07,45,115,77,154
120,2019-04-08,36,160,84,168
120,2019-04-09,48,176,84,168
120,2019-04-10,34,54,46,92
120,2019-04-11,39,64,51,102
120,2019-04-12,33,77,54,108
120,2019-04-13,50,291,91,182
120,2019-04-14,26,97,49,98
120,2019-04-15,23,129,52,104
120,2019-04-16,14,107,51,102
120,2019-04-17,17,180,53,106
120,2019-04-18,16,212,91,182
120,2019-04-19,9,188,67,134
120,2019-04-20,9,114,57,114
120,2019-04-21,5,88,40,80
120,2019-04-22,12,70,35,70
120,2019-04-23,13,56,28,56
120,2019-04-26,5,47,20,40
120,2019-04-27,11,69,43,86
120,2019-04-28,29,77,53,106
120,2019-04-29,15,61,38,76
120,2019-04-30,20,58,34,68
121,2019-04-01,7,96,32,64
121,2019-04-02,27,62,40,80
121,2019-04-03,34,64,47,94
121,2019-04-04,25,64,44,88
121,2019-04-05,19,169,55,110
121,2019-04-06,47,87,63,126
121,2019-04-07,55,99,74,148
121,2019-04-08,36,108,63,126
121,2019-04-09,49,85,63,126
121,2019-04-10,38,78,54,108
121,2019-04-11,35,86,50,100
121,2019-04-12,36,110,62,124
121,2019-04-13,62,103,76,152
121,2019-04-14,35,104,55,110
121,2019-04-15,22,110,51,102
121,2019-04-16,14,85,43,86
121,2019-04-17,19,82,41,82
121,2019-04-18,18,209,63,126
121,2019-04-19,8,120,41,82
121,2019-04-20,8,85,33,66
121,2019-04-21,4,49,24,48
121,2019-04-22,12,55,34,68
121,2019-04-23,14,37,25,50
121,2019-04-26,5,49,16,32
121,2019-04-27,13,46,28,56
121,2019-04-28,25,59,42,84
121,2019-04-29,14,40,24,48
121,2019-04-30,21,55,36,72
122,2019-04-09,44,78,60,120
122,2019-04-10,30,54,45,90
122,2019-04-11,33,56,44,88
122,2019-04-12,30,68,47,94
122,2019-04-13,57,130,76,152
122,2019-04-14,25,93,46,92
122,2019-04-15,20,72,40,80
122,2019-04-16,11,107,40,80
122,2019-04-17,15,84,39,78
122,2019-04-18,13,84,43,86
122,2019-04-19,6,84,35,70
122,2019-04-20,6,64,28,56
122,2019-04-21,4,66,27,54
122,2019-04-22,7,55,27,54
122,2019-04-23,12,32,21,42
122,2019-04-26,4,22,12,24
122,2019-04-27,9,49,26,52
122,2019-04-28,27,63,46,92
122,2019-04-29,18,64,33,66
122,2019-04-30,21,53,33,66
123,2019-04-01,8,41,21,42
123,2019-04-02,19,56,32,64
123,2019-04-03,32,67,47,94
123,2019-04-04,23,64,43,86
123,2019-04-05,17,66,45,90
123,2019-04-06,52,96,63,126
123,2019-04-07,44,93,66,132
123,2019-04-08,30,84,61,122
123,2019-04-09,47,96,66,132
123,2019-04-10,32,57,48,96
123,2019-04-11,36,61,46,92
123,2019-04-12,32,77,52,104
123,2019-04-13,54,109,75,150
123,2019-04-14,28,80,48,96
123,2019-04-15,19,78,40,80
123,2019-04-16,14,87,42,84
123,2019-04-17,17,104,44,88
123,2019-04-18,14,156,66,132
123,2019-04-19,7,129,44,88
123,2019-04-20,8,72,35,70
123,2019-04-21,6,52,25,50
123,2019-04-22,11,60,32,64
123,2019-04-23,17,38,25,50
123,2019-04-26,5,29,14,28
123,2019-04-27,10,45,25,50
123,2019-04-28,26,55,43,86
123,2019-04-29,19,46,30,60
123,2019-04-30,23,52,33,66
124,2019-04-01,5,43,20,40
124,2019-04-02,24,46,29,58
124,2019-04-03,30,65,45,90
124,2019-04-04,24,67,44,88
124,2019-04-05,18,64,45,90
124,2019-04-06,54,90,63,126
124,2019-04-07,43,95,66,132
124,2019-04-08,32,81,61,122
124,2019-04-09,49,83,64,128
124,2019-04-10,33,53,45,90
124,2019-04-11,36,57,46,92
124,2019-04-12,33,70,49,98
124,2019-04-13,52,94,69,138
124,2019-04-14,24,81,48,96
124,2019-04-15,20,86,42,84
124,2019-04-16,13,76,39,78
124,2019-04-17,14,83,39,78
124,2019-04-18,15,100,48,96
124,2019-04-19,7,116,36,72
124,2019-04-20,7,63,31,62
124,2019-04-21,4,48,24,48
124,2019-04-22,11,47,28,56
124,2019-04-23,13,34,24,48
124,2019-04-26,5,26,13,26
124,2019-04-27,11,51,26,52
124,2019-04-28,26,56,43,86
124,2019-04-29,20,42,28,56
124,2019-04-30,20,50,33,66
125,2019-04-01,4,51,21,42
125,2019-04-02,24,52,34,68
125,2019-04-03,32,73,50,100
125,2019-04-04,25,71,47,94
125,2019-04-05,15,94,52,104
125,2019-04-06,50,96,65,130
125,2019-04-07,49,97,67,134
125,2019-04-08,32,92,63,126
125,2019-04-09,47,86,64,128
125,2019-04-10,33,53,44,88
125,2019-04-11,30,54,41,82
125,2019-04-12,29,89,49,98
125,2019-04-13,52,99,67,134
125,2019-04-14,28,96,48,96
125,2019-04-15,21,131,51,102
125,2019-04-16,13,103,43,86
125,2019-04-17,21,63,41,82
125,2019-04-18,15,127,56,112
125,2019-04-19,9,89,40,80
125,2019-04-20,8,63,34,68
125,2019-04-21,4,50,26,52
125,2019-04-22,14,47,32,64
125,2019-04-23,14,62,28,56
125,2019-04-26,5,34,15,30
125,2019-04-27,11,49,24,48
125,2019-04-28,27,58,43,86
125,2019-04-29,15,41,27,54
125,2019-04-30,20,52,32,64
126,2019-04-02,12,27,17,34
126,2019-04-03,24,48,34,68
126,2019-04-04,22,48,34,68
126,2019-04-05,14,48,36,72
126,2019-04-06,38,50,45,90
126,2019-04-07,37,56,46,92
126,2019-04-08,27,62,47,94
126,2019-04-09,35,64,52,104
126,2019-04-10,18,36,26,52
126,2019-04-11,17,25,21,42
126,2019-04-12,18,48,28,56
126,2019-04-13,28,59,40,80
126,2019-04-14,20,59,33,66
126,2019-04-15,13,58,28,56
126,2019-04-16,9,64,31,62
126,2019-04-17,13,44,25,50
126,2019-04-18,21,70,44,88
126,2019-04-19,14,65,39,78
126,2019-04-20,7,56,28,56
126,2019-04-21,5,33,18,36
126,2019-04-22,10,21,14,28
126,2019-04-23,10,17,13,26
126,2019-04-26,4,16,9,18
126,2019-04-27,6,14,8,16
126,2019-04-28,8,19,14,28
126,2019-04-29,3,12,7,14
126,2019-04-30,12,21,16,32
127,2019-04-03,40,70,54,108
127,2019-04-04,24,79,51,102
127,2019-04-05,22,68,46,92
127,2019-04-06,49,100,68,136
127,2019-04-07,48,96,74,148
127,2019-04-08,38,107,69,138
127,2019-04-09,51,111,75,150
127,2019-04-10,40,66,53,106
127,2019-04-11,44,88,58,116
127,2019-04-12,43,91,62,124
127,2019-04-13,67,212,91,182
127,2019-04-14,29,96,54,108
127,2019-04-15,26,103,53,106
127,2019-04-16,14,144,54,108
127,2019-04-17,16,130,49,98
127,2019-04-18,14,178,69,138
127,2019-04-19,9,113,53,106
127,2019-04-20,8,84,38,76
127,2019-04-21,7,65,33,66
127,2019-04-22,12,54,33,66
127,2019-04-23,17,64,31,62
127,2019-04-26,6,69,23,46
127,2019-04-27,12,70,32,64
127,2019-04-28,24,63,46,92
127,2019-04-29,16,50,29,58
127,2019-04-30,27,52,37,74
128,2019-04-01,5,46,20,40
128,2019-04-02,15,54,29,58
128,2019-04-03,32,64,46,92
128,2019-04-11,36,58,44,88
128,2019-04-12,33,76,48,96
128,2019-04-13,52,99,70,140
128,2019-04-14,25,83,48,96
128,2019-04-15,16,89,41,82
128,2019-04-16,11,91,43,86
128,2019-04-17,18,116,42,84
128,2019-04-18,12,132,53,106
128,2019-04-19,7,112,42,84
128,2019-04-20,8,65,34,68
128,2019-04-21,4,58,26,52
128,2019-04-22,10,50,29,58
128,2019-04-23,14,34,25,50
128,2019-04-26,5,25,13,26
128,2019-04-27,12,50,28,56
128,2019-04-28,28,59,44,88
128,2019-04-29,14,42,28,56
128,2019-04-30,21,52,32,64
129,2019-04-01,4,46,18,36
129,2019-04-02,16,53,30,60
129,2019-04-03,30,66,46,92
129,2019-04-04,22,64,42,84
129,2019-04-05,17,70,43,86
129,2019-04-06,54,96,65,130
129,2019-04-07,40,115,70,140
129,2019-04-08,25,83,57,114
129,2019-04-09,43,79,61,122
129,2019-04-10,35,52,43,86
129,2019-04-11,30,50,39,78
129,2019-04-12,32,67,44,88
129,2019-04-13,50,104,67,134
129,2019-04-14,22,77,45,90
129,2019-04-15,14,74,37,74
129,2019-04-16,12,67,34,68
129,2019-04-17,16,111,40,80
129,2019-04-18,14,119,48,96
129,2019-04-19,7,89,35,70
129,2019-04-20,6,69,28,56
129,2019-04-21,4,55,25,50
129,2019-04-22,10,64,31,62
129,2019-04-23,13,36,23,46
129,2019-04-26,4,19,12,24
129,2019-04-27,11,45,27,54
129,2019-04-28,21,58,40,80
129,2019-04-29,17,43,26,52
129,2019-04-30,18,56,30,60
13,2019-04-01,5,42,19,38
13,2019-04-03,38,64,51,102
13,2019-04-04,23,70,45,90
13,2019-04-05,16,83,48,96
13,2019-04-06,54,98,65,130
13,2019-04-07,36,105,67,134
13,2019-04-08,21,78,55,110
13,2019-04-09,40,78,58,116
13,2019-04-10,32,50,42,84
13,2019-04-11,33,61,42,84
13,2019-04-12,31,71,44,88
13,2019-04-13,46,92,64,128
13,2019-04-14,24,73,45,90
13,2019-04-15,13,85,37,74
13,2019-04-16,12,82,38,76
13,2019-04-17,15,100,37,74
13,2019-04-18,15,117,45,90
13,2019-04-19,6,101,36,72
13,2019-04-20,6,60,27,54
13,2019-04-21,4,51,23,46
13,2019-04-22,10,38,25,50
13,2019-04-23,12,39,23,46
13,2019-04-25,7,42,20,40
13,2019-04-26,5,27,14,28
13,2019-04-27,10,48,26,52
13,2019-04-28,26,58,42,84
13,2019-04-29,8,40,19,38
13,2019-04-30,18,48,28,56
130,2019-04-10,35,56,46,92
130,2019-04-11,34,60,43,86
130,2019-04-12,32,76,48,96
130,2019-04-13,52,99,72,144
130,2019-04-14,25,85,49,98
130,2019-04-15,20,83,42,84
130,2019-04-16,12,83,40,80
130,2019-04-17,14,54,36,72
130,2019-04-18,16,109,49,98
130,2019-04-19,8,95,37,74
130,2019-04-20,7,62,32,64
130,2019-04-21,4,46,22,44
130,2019-04-22,10,56,30,60
130,2019-04-23,13,38,26,52
130,2019-04-26,4,32,14,28
130,2019-04-27,11,54,28,56
130,2019-04-28,30,65,47,94
130,2019-04-29,16,44,32,64
130,2019-04-30,22,54,33,66
131,2019-04-03,30,74,52,104
131,2019-04-04,26,74,48,96
131,2019-04-05,16,92,54,108
131,2019-04-06,48,108,67,134
131,2019-04-07,50,96,69,138
131,2019-04-08,34,94,64,128
131,2019-04-09,47,89,66,132
131,2019-04-10,34,58,46,92
131,2019-04-11,31,56,44,88
131,2019-04-12,31,96,52,104
131,2019-04-13,56,105,72,144
131,2019-04-14,27,105,50,100
131,2019-04-15,20,123,52,104
131,2019-04-16,12,102,44,88
131,2019-04-17,15,62,37,74
131,2019-04-18,15,132,58,116
131,2019-04-19,9,97,43,86
131,2019-04-20,7,68,34,68
131,2019-04-21,5,53,27,54
131,2019-04-22,12,47,30,60
131,2019-04-23,15,33,25,50
131,2019-04-26,5,31,15,30
131,2019-04-27,11,50,25,50
131,2019-04-28,28,59,45,90
131,2019-04-29,16,41,26,52
131,2019-04-30,21,52,34,68
132,2019-04-01,6,43,17,34
132,2019-04-02,18,46,26,52
132,2019-04-03,32,60,44,88
132,2019-04-04,23,62,42,84
132,2019-04-05,17,62,43,86
132,2019-04-06,51,97,62,124
132,2019-04-07,40,102,66,132
132,2019-04-08,27,78,56,112
132,2019-04-09,45,76,60,120
132,2019-04-10,31,51,43,86
132,2019-04-11,32,48,40,80
132,2019-04-12,32,70,45,90
132,2019-04-13,48,85,66,132
132,2019-04-14,24,80,45,90
132,2019-04-15,17,77,37,74
132,2019-04-16,11,70,37,74
132,2019-04-17,16,117,40,80
132,2019-04-18,12,103,45,90
132,2019-04-19,7,77,31,62
132,2019-04-20,6,63,29,58
132,2019-04-21,5,46,22,44
132,2019-04-22,10,45,26,52
132,2019-04-23,14,35,24,48
132,2019-04-24,8,38,21,42
132,2019-04-26,5,18,11,22
132,2019-04-27,10,45,24,48
132,2019-04-28,22,55,39,78
132,2019-04-29,14,38,21,42
132,2019-04-30,19,54,29,58
133,2019-04-02,26,122,53,106
133,2019-04-03,45,88,65,130
133,2019-04-04,28,80,55,110
133,2019-04-05,32,88,59,118
133,2019-04-06,63,160,81,162
133,2019-04-07,55,135,89,178
133,2019-04-08,36,179,79,158
133,2019-04-09,52,123,78,156
133,2019-04-10,50,87,61,122
133,2019-04-11,47,80,58,116
133,2019-04-12,44,112,68,136
133,2019-04-13,62,174,104,208
133,2019-04-14,36,108,65,130
133,2019-04-15,27,117,57,114
133,2019-04-16,23,124,58,116
133,2019-04-17,30,134,59,118
133,2019-04-18,18,178,78,156
133,2019-04-19,10,124,52,104
133,2019-04-20,18,126,51,102
133,2019-04-21,10,65,37,74
133,2019-04-22,13,64,39,78
133,2019-04-23,22,61,35,70
133,2019-04-26,6,38,18,36
133,2019-04-27,13,95,44,88
133,2019-04-28,56,111,69,138
133,2019-04-29,36,146,75,150
133,2019-04-30,25,82,43,86
134,2019-04-11,46,78,59,118
134,2019-04-12,44,80,60,120
134,2019-04-13,70,140,87,174
134,2019-04-16,15,88,46,92
134,2019-04-17,16,188,57,114
134,2019-04-18,15,154,59,118
134,2019-04-19,10,128,48,96
134,2019-04-20,7,70,35,70
134,2019-04-21,7,76,35,70
134,2019-04-22,12,68,37,74
134,2019-04-23,14,48,26,52
134,2019-04-26,5,28,13,26
134,2019-04-27,10,51,26,52
134,2019-04-28,22,59,43,86
134,2019-04-29,13,44,24,48
134,2019-04-30,26,50,37,74
135,2019-04-11,32,60,44,88
135,2019-04-12,33,87,55,110
135,2019-04-13,54,106,70,140
135,2019-04-14,30,94,51,102
135,2019-04-15,21,106,53,106
135,2019-04-16,16,104,47,94
135,2019-04-17,16,68,40,80
135,2019-04-18,14,179,60,120
135,2019-04-19,8,153,45,90
135,2019-04-20,6,77,37,74
135,2019-04-21,5,61,28,56
135,2019-04-22,12,53,32,64
135,2019-04-23,20,58,33,66
135,2019-04-26,6,35,16,32
135,2019-04-27,11,50,25,50
135,2019-04-28,36,60,48,96
135,2019-04-29,14,47,30,60
135,2019-04-30,20,53,33,66
136,2019-04-11,41,74,52,104
136,2019-04-12,38,99,56,112
136,2019-04-13,56,140,84,168
136,2019-04-14,31,86,50,100
136,2019-04-15,20,102,43,86
136,2019-04-16,14,95,46,92
136,2019-04-17,20,105,45,90
136,2019-04-18,16,113,53,106
136,2019-04-19,9,87,41,82
136,2019-04-20,9,65,34,68
136,2019-04-21,5,102,35,70
136,2019-04-22,12,53,31,62
136,2019-04-23,14,38,25,50
136,2019-04-26,6,53,18,36
136,2019-04-27,12,50,27,54
136,2019-04-28,23,57,40,80
136,2019-04-29,12,39,25,50
136,2019-04-30,21,51,32,64
137,2019-04-11,38,106,54,108
137,2019-04-12,34,84,56,112
137,2019-04-13,58,162,89,178
137,2019-04-14,24,105,53,106
137,2019-04-15,19,91,48,96
137,2019-04-16,12,99,44,88
137,2019-04-17,13,288,69,138
137,2019-04-18,12,198,68,136
137,2019-04-19,8,134,46,92
137,2019-04-20,8,79,35,70
137,2019-04-21,4,122,41,82
137,2019-04-22,8,68,32,64
137,2019-04-23,12,41,22,44
138,2019-04-10,35,79,47,94
138,2019-04-11,32,66,47,94
138,2019-04-12,31,89,53,106
138,2019-04-13,47,117,73,146
138,2019-04-14,27,77,47,94
138,2019-04-15,20,84,43,86
138,2019-04-16,12,81,42,84
138,2019-04-17,17,91,42,84
138,2019-04-18,13,105,52,104
138,2019-04-19,8,100,38,76
138,2019-04-20,7,62,32,64
138,2019-04-21,4,47,25,50
138,2019-04-22,10,59,31,62
138,2019-04-23,16,38,25,50
138,2019-04-25,8,37,19,38
138,2019-04-26,5,20,11,22
138,2019-04-27,8,43,23,46
138,2019-04-28,20,60,41,82
138,2019-04-29,15,58,27,54
138,2019-04-30,20,47,30,60
139,2019-04-10,32,52,43,86
139,2019-04-11,32,58,41,82
139,2019-04-12,32,69,45,90
139,2019-04-13,46,102,66,132
139,2019-04-14,23,76,44,88
139,2019-04-15,17,88,39,78
139,2019-04-16,12,84,40,80
139,2019-04-17,15,100,38,76
139,2019-04-18,13,145,52,104
139,2019-04-26,6,25,14,28
139,2019-04-27,10,62,28,56
139,2019-04-28,29,60,44,88
139,2019-04-29,13,40,29,58
139,2019-04-30,22,50,33,66
14,2019-04-04,22,62,40,80
14,2019-04-05,16,64,43,86
14,2019-04-06,52,92,60,120
14,2019-04-07,40,91,63,126
14,2019-04-08,34,92,62,124
14,2019-04-09,44,75,61,122
14,2019-04-10,32,55,44,88
14,2019-04-11,36,61,50,100
14,2019-04-12,32,79,51,102
14,2019-04-13,45,100,70,140
14,2019-04-14,24,78,48,96
14,2019-04-15,22,78,40,80
14,2019-04-16,12,70,41,82
14,2019-04-19,7,84,38,76
14,2019-04-20,6,72,31,62
14,2019-04-21,4,45,21,42
14,2019-04-22,9,46,25,50
14,2019-04-23,14,32,22,44
14,2019-04-25,7,35,19,38
14,2019-04-26,4,20,12,24
14,2019-04-27,9,49,23,46
14,2019-04-28,20,53,35,70
14,2019-04-29,14,36,22,44
14,2019-04-30,21,49,31,62
140,2019-04-10,20,60,37,74
140,2019-04-11,34,62,45,90
140,2019-04-12,32,85,53,106
140,2019-04-13,55,102,74,148
140,2019-04-14,26,94,50,100
140,2019-04-15,20,74,42,84
140,2019-04-16,12,89,42,84
140,2019-04-17,15,68,38,76
140,2019-04-18,14,157,61,122
140,2019-04-19,7,106,36,72
140,2019-04-20,6,69,31,62
140,2019-04-21,5,68,27,54
140,2019-04-22,10,60,32,64
140,2019-04-23,15,45,28,56
140,2019-04-26,6,47,17,34
140,2019-04-27,12,55,27,54
140,2019-04-28,24,62,43,86
140,2019-04-29,14,43,24,48
140,2019-04-30,23,50,31,62
141,2019-04-10,46,118,62,124
141,2019-04-11,44,93,64,128
141,2019-04-12,40,133,69,138
141,2019-04-13,70,179,110,220
141,2019-04-14,31,122,63,126
141,2019-04-15,27,138,62,124
141,2019-04-16,14,134,54,108
141,2019-04-17,20,171,58,116
141,2019-04-18,14,160,70,140
141,2019-04-19,9,164,51,102
141,2019-04-20,8,81,42,84
141,2019-04-21,6,154,46,92
141,2019-04-22,14,78,39,78
141,2019-04-23,16,44,27,54
141,2019-04-26,5,52,19,38
141,2019-04-27,12,63,32,64
141,2019-04-28,36,89,59,118
141,2019-04-29,24,95,47,94
141,2019-04-30,25,73,41,82
2,2019-04-01,5,47,18,36
2,2019-04-03,31,70,46,92
2,2019-04-04,23,80,44,88
2,2019-04-05,19,124,50,100
2,2019-04-06,51,100,64,128
2,2019-04-07,42,91,65,130
2,2019-04-08,27,203,72,144
2,2019-04-09,44,100,61,122
2,2019-04-10,32,53,43,86
2,2019-04-11,32,66,43,86
2,2019-04-12,31,76,47,94
2,2019-04-13,45,91,67,134
2,2019-04-14,26,76,46,92
2,2019-04-15,16,98,40,80
2,2019-04-16,16,122,44,88
2,2019-04-17,17,164,41,82
2,2019-04-18,16,130,49,98
2,2019-04-19,7,80,32,64
2,2019-04-20,7,56,33,66
2,2019-04-21,5,49,26,52
2,2019-04-22,10,38,25,50
2,2019-04-23,12,30,22,44
2,2019-04-25,8,39,21,42
2,2019-04-26,5,21,12,24
2,2019-04-27,10,40,25,50
2,2019-04-28,34,56,45,90
2,2019-04-29,14,63,28,56
2,2019-04-30,22,54,32,64
27,2019-04-01,9,68,29,58
27,2019-04-03,31,56,43,86
27,2019-04-04,21,58,41,82
27,2019-04-05,17,78,38,76
27,2019-04-06,50,109,66,132
27,2019-04-07,45,104,67,134
27,2019-04-08,35,133,70,140
27,2019-04-09,46,94,68,136
27,2019-04-10,31,64,49,98
27,2019-04-11,41,115,55,110
27,2019-04-12,34,108,57,114
27,2019-04-13,56,261,93,186
27,2019-04-14,26,93,48,96
27,2019-04-15,25,99,49,98
27,2019-04-16,15,97,41,82
27,2019-04-17,17,164,53,106
27,2019-04-18,14,150,52,104
27,2019-04-19,10,98,38,76
27,2019-04-20,10,65,33,66
27,2019-04-21,6,74,32,64
27,2019-04-22,11,69,33,66
27,2019-04-23,13,31,21,42
27,2019-04-26,6,25,15,30
27,2019-04-27,12,50,26,52
27,2019-04-28,30,58,44,88
27,2019-04-29,15,60,32,64
27,2019-04-30,23,57,37,74
28,2019-04-01,8,45,24,48
28,2019-04-03,35,72,49,98
28,2019-04-04,22,69,46,92
28,2019-04-05,20,105,51,102
28,2019-04-06,54,89,66,132
28,2019-04-07,40,100,71,142
28,2019-04-08,34,120,72,144
28,2019-04-09,50,88,65,130
28,2019-04-10,38,62,49,98
28,2019-04-11,37,67,50,100
28,2019-04-12,35,102,59,118
28,2019-04-13,58,116,79,158
28,2019-04-14,29,86,54,108
28,2019-04-15,22,122,51,102
28,2019-04-16,13,138,46,92
28,2019-04-17,16,179,54,108
28,2019-04-18,14,164,64,128
28,2019-04-19,8,116,46,92
28,2019-04-20,6,72,35,70
28,2019-04-21,4,70,33,66
28,2019-04-22,10,62,32,64
28,2019-04-23,16,40,26,52
28,2019-04-26,5,30,14,28
28,2019-04-27,10,49,25,50
28,2019-04-28,20,55,40,80
28,2019-04-29,12,40,21,42
28,2019-04-30,23,47,32,64
29,2019-04-01,4,46,19,38
29,2019-04-03,28,61,41,82
29,2019-04-04,22,60,39,78
29,2019-04-05,16,58,40,80
29,2019-04-06,50,93,61,122
29,2019-04-07,41,100,65,130
29,2019-04-08,31,80,58,116
29,2019-04-09,48,79,62,124
29,2019-04-10,32,56,45,90
29,2019-04-11,37,61,48,96
29,2019-04-12,36,71,50,100
29,2019-04-13,54,93,72,144
29,2019-04-14,22,86,47,94
29,2019-04-15,19,77,38,76
29,2019-04-16,12,71,36,72
29,2019-04-17,13,94,39,78
29,2019-04-18,14,115,51,102
29,2019-04-19,8,96,37,74
29,2019-04-20,6,61,30,60
29,2019-04-21,4,46,22,44
29,2019-04-22,10,47,28,56
29,2019-04-23,11,36,22,44
29,2019-04-26,4,21,11,22
29,2019-04-27,10,52,25,50
29,2019-04-28,20,56,38,76
29,2019-04-29,12,37,22,44
29,2019-04-30,21,50,30,60
30,2019-04-01,6,42,19,38
30,2019-04-03,26,56,39,78
30,2019-04-04,20,57,37,74
30,2019-04-05,15,62,39,78
30,2019-04-06,47,79,56,112
30,2019-04-07,38,82,58,116
30,2019-04-08,28,73,55,110
30,2019-04-09,45,71,57,114
30,2019-04-10,30,49,41,82
30,2019-04-11,34,57,44,88
30,2019-04-12,31,68,47,94
30,2019-04-13,46,88,67,134
30,2019-04-14,26,76,45,90
30,2019-04-15,18,75,35,70
30,2019-04-16,11,68,34,68
30,2019-04-17,14,95,36,72
30,2019-04-18,12,99,43,86
30,2019-04-19,8,80,33,66
30,2019-04-20,6,72,29,58
30,2019-04-21,4,40,19,38
30,2019-04-22,10,44,25,50
30,2019-04-23,12,29,20,40
30,2019-04-26,5,19,12,24
30,2019-04-27,8,46,20,40
30,2019-04-28,18,47,32,64
30,2019-04-29,14,32,20,40
30,2019-04-30,16,44,26,52
31,2019-04-01,6,69,30,60
31,2019-04-03,35,62,47,94
31,2019-04-04,22,65,44,88
31,2019-04-05,15,216,52,104
31,2019-04-06,52,180,77,154
31,2019-04-07,51,204,86,172
31,2019-04-08,27,147,61,122
31,2019-04-09,45,79,62,124
31,2019-04-10,40,86,55,110
31,2019-04-11,38,74,56,112
31,2019-04-12,36,164,70,140
31,2019-04-13,64,148,96,192
31,2019-04-14,28,93,55,110
31,2019-04-15,24,72,48,96
31,2019-04-16,16,67,37,74
31,2019-04-17,17,164,54,108
31,2019-04-18,15,114,45,90
31,2019-04-19,9,77,37,74
31,2019-04-20,8,62,30,60
31,2019-04-21,5,65,34,68
31,2019-04-22,8,56,31,62
31,2019-04-23,17,37,24,48
31,2019-04-26,6,28,15,30
31,2019-04-27,12,82,35,70
31,2019-04-28,24,71,47,94
31,2019-04-29,12,94,38,76
31,2019-04-30,21,49,32,64
32,2019-04-01,4,50,18,36
32,2019-04-03,32,63,47,94
32,2019-04-06,50,86,61,122
32,2019-04-11,28,56,38,76
32,2019-04-12,29,68,44,88
32,2019-04-13,43,86,63,126
32,2019-04-14,20,76,42,84
32,2019-04-15,18,98,41,82
32,2019-04-16,11,94,42,84
32,2019-04-17,14,74,33,66
32,2019-04-18,13,117,49,98
32,2019-04-19,6,102,37,74
32,2019-04-20,6,67,31,62
32,2019-04-21,4,48,22,44
32,2019-04-22,10,46,25,50
32,2019-04-23,12,31,22,44
32,2019-04-26,4,24,12,24
32,2019-04-27,9,44,23,46
32,2019-04-28,26,59,43,86
32,2019-04-29,14,42,27,54
32,2019-04-30,19,44,28,56
33,2019-04-01,6,64,22,44
33,2019-04-03,36,76,50,100
33,2019-04-04,25,69,46,92
33,2019-04-05,16,64,42,84
33,2019-04-06,46,119,61,122
33,2019-04-07,34,91,61,122
33,2019-04-08,26,116,65,130
33,2019-04-09,45,93,66,132
33,2019-04-10,28,66,41,82
33,2019-04-11,33,64,43,86
33,2019-04-12,34,64,47,94
33,2019-04-13,48,213,90,180
33,2019-04-14,20,104,48,96
33,2019-04-15,17,120,42,84
33,2019-04-16,13,108,45,90
33,2019-04-17,19,229,48,96
33,2019-04-18,13,205,73,146
33,2019-04-19,6,140,51,102
33,2019-04-20,6,73,38,76
33,2019-04-21,4,81,33,66
33,2019-04-22,11,59,27,54
33,2019-04-23,11,38,21,42
33,2019-04-26,5,33,16,32
33,2019-04-27,8,38,23,46
33,2019-04-28,13,58,37,74
33,2019-04-29,14,66,30,60
33,2019-04-30,19,53,30,60
34,2019-04-01,20,110,45,90
34,2019-04-03,29,166,50,100
34,2019-04-04,21,72,44,88
34,2019-04-05,12,122,48,96
34,2019-04-06,34,116,69,138
34,2019-04-07,49,127,73,146
34,2019-04-08,43,160,83,166
34,2019-04-09,45,117,74,148
34,2019-04-10,41,178,73,146
34,2019-04-11,33,205,83,166
34,2019-04-12,29,184,82,164
34,2019-04-13,60,198,120,240
34,2019-04-14,46,139,76,152
34,2019-04-15,30,97,64,128
34,2019-04-16,17,137,59,118
34,2019-04-17,19,251,64,128
34,2019-04-18,35,176,85,170
34,2019-04-19,8,127,56,112
34,2019-04-20,7,77,41,82
34,2019-04-21,6,77,39,78
34,2019-04-22,8,118,45,90
34,2019-04-23,10,31,20,40
34,2019-04-26,4,42,18,36
34,2019-04-27,10,64,29,58
34,2019-04-28,19,55,40,80
34,2019-04-29,11,64,33,66
34,2019-04-30,22,70,42,84
35,2019-04-01,6,50,22,44
35,2019-04-03,37,72,52,104
35,2019-04-04,24,64,46,92
35,2019-04-05,18,74,44,88
35,2019-04-06,55,88,67,134
35,2019-04-07,41,101,71,142
35,2019-04-08,31,110,69,138
35,2019-04-09,48,96,68,136
35,2019-04-10,36,57,48,96
35,2019-04-11,39,72,52,104
35,2019-04-12,40,85,55,110
35,2019-04-13,64,114,78,156
35,2019-04-14,26,108,50,100
35,2019-04-15,20,81,45,90
35,2019-04-16,12,104,44,88
35,2019-04-17,13,162,52,104
35,2019-04-18,12,126,59,118
35,2019-04-19,8,151,45,90
35,2019-04-20,7,78,35,70
35,2019-04-21,4,92,37,74
35,2019-04-22,9,78,36,72
35,2019-04-23,14,58,27,54
35,2019-04-26,6,33,16,32
35,2019-04-27,11,84,28,56
35,2019-04-28,24,60,42,84
35,2019-04-29,10,56,29,58
35,2019-04-30,22,49,32,64
36,2019-04-01,6,57,22,44
36,2019-04-02,22,64,36,72
36,2019-04-03,30,64,47,94
36,2019-04-04,24,88,47,94
36,2019-04-05,14,109,47,94
36,2019-04-06,52,94,62,124
36,2019-04-07,43,105,70,140
36,2019-04-08,34,84,61,122
36,2019-04-09,48,74,61,122
36,2019-04-10,33,61,45,90
36,2019-04-11,31,56,42,84
36,2019-04-12,32,73,47,94
36,2019-04-13,49,115,69,138
36,2019-04-14,24,76,44,88
36,2019-04-15,18,73,38,76
36,2019-04-16,14,77,37,74
36,2019-04-17,21,99,41,82
36,2019-04-18,17,108,48,96
36,2019-04-19,7,113,41,82
36,2019-04-20,8,62,31,62
36,2019-04-21,6,48,25,50
36,2019-04-22,10,48,29,58
36,2019-04-23,13,52,24,48
36,2019-04-26,6,23,14,28
36,2019-04-27,14,45,25,50
36,2019-04-28,24,91,42,84
36,2019-04-29,14,39,28,56
36,2019-04-30,21,50,34,68
37,2019-04-01,8,50,23,46
37,2019-04-03,30,74,48,96
37,2019-04-13,50,90,68,136
37,2019-04-14,31,85,52,104
37,2019-04-15,20,116,44,88
37,2019-04-16,13,107,45,90
37,2019-04-17,17,128,40,80
37,2019-04-18,15,118,53,106
37,2019-04-19,8,116,41,82
37,2019-04-20,6,66,33,66
37,2019-04-21,4,48,24,48
37,2019-04-22,11,46,29,58
37,2019-04-23,13,31,23,46
37,2019-04-26,6,28,14,28
37,2019-04-27,10,46,24,48
37,2019-04-28,28,59,43,86
37,2019-04-29,29,44,33,66
37,2019-04-30,24,49,33,66
38,2019-04-01,3,37,16,32
38,2019-04-02,18,36,22,44
38,2019-04-03,21,55,36,72
38,2019-04-04,18,58,35,70
38,2019-04-05,12,55,36,72
38,2019-04-06,44,73,53,106
38,2019-04-07,28,88,57,114
38,2019-04-08,19,75,47,94
38,2019-04-09,37,71,53,106
38,2019-04-10,23,44,34,68
38,2019-04-11,23,50,32,64
38,2019-04-12,23,62,37,74
38,2019-04-13,37,77,56,112
38,2019-04-14,18,71,37,74
38,2019-04-15,14,70,33,66
38,2019-04-16,8,72,32,64
38,2019-04-17,10,48,25,50
38,2019-04-18,10,86,39,78
38,2019-04-19,5,76,29,58
38,2019-04-20,5,54,25,50
38,2019-04-21,3,35,17,34
38,2019-04-22,8,49,22,44
38,2019-04-23,10,24,18,36
38,2019-04-26,4,20,11,22
38,2019-04-27,6,42,18,36
38,2019-04-28,20,48,33,66
38,2019-04-29,10,28,19,38
38,2019-04-30,13,40,21,42
39,2019-04-01,8,57,23,46
39,2019-04-03,38,230,79,158
39,2019-04-04,30,69,52,104
39,2019-04-05,18,131,57,114
39,2019-04-06,53,142,74,148
39,2019-04-07,47,110,71,142
39,2019-04-08,32,136,76,152
39,2019-04-09,48,150,79,158
39,2019-04-10,33,56,46,92
39,2019-04-11,34,57,43,86
39,2019-04-12,32,79,50,100
39,2019-04-13,49,111,69,138
39,2019-04-14,25,86,47,94
39,2019-04-15,22,96,49,98
39,2019-04-16,15,90,43,86
39,2019-04-17,17,169,64,128
39,2019-04-18,18,202,88,176
39,2019-04-19,9,163,57,114
39,2019-04-20,8,100,45,90
39,2019-04-21,6,102,39,78
39,2019-04-22,11,62,34,68
39,2019-04-23,16,38,26,52
39,2019-04-26,7,48,20,40
39,2019-04-27,12,64,37,74
39,2019-04-28,27,68,52,104
39,2019-04-29,17,67,39,78
39,2019-04-30,20,60,33,66
40,2019-04-01,4,42,16,32
40,2019-04-02,16,49,26,52
40,2019-04-03,28,63,44,88
40,2019-04-04,21,64,42,84
40,2019-04-05,11,72,45,90
40,2019-04-06,48,86,59,118
40,2019-04-07,36,98,64,128
40,2019-04-08,25,81,58,116
40,2019-04-09,41,79,57,114
40,2019-04-10,26,48,40,80
40,2019-04-11,27,51,37,74
40,2019-04-12,28,63,41,82
40,2019-04-13,43,80,60,120
40,2019-04-14,19,76,40,80
40,2019-04-15,15,79,38,76
40,2019-04-16,8,84,38,76
40,2019-04-17,12,104,36,72
40,2019-04-18,9,96,44,88
40,2019-04-19,6,118,37,74
40,2019-04-20,5,69,32,64
40,2019-04-21,2,60,23,46
40,2019-04-22,7,49,24,48
40,2019-04-23,12,27,19,38
40,2019-04-26,4,24,12,24
40,2019-04-27,10,41,23,46
40,2019-04-28,27,56,40,80
40,2019-04-29,8,38,19,38
40,2019-04-30,18,44,26,52
41,2019-04-01,3,48,16,32
41,2019-04-03,30,78,48,96
41,2019-04-04,25,64,47,94
41,2019-04-05,11,65,42,84
41,2019-04-06,47,90,59,118
41,2019-04-07,30,92,59,118
41,2019-04-08,23,101,60,120
41,2019-04-09,39,90,59,118
41,2019-04-10,25,47,36,72
41,2019-04-11,23,48,34,68
41,2019-04-12,26,60,38,76
41,2019-04-13,39,81,57,114
41,2019-04-14,20,74,38,76
41,2019-04-15,17,73,36,72
41,2019-04-16,10,90,35,70
41,2019-04-17,10,139,38,76
41,2019-04-18,11,138,63,126
41,2019-04-19,6,146,49,98
41,2019-04-20,4,83,37,74
41,2019-04-21,3,59,27,54
41,2019-04-22,8,56,25,50
41,2019-04-23,11,28,19,38
41,2019-04-26,4,42,17,34
41,2019-04-27,8,37,24,48
41,2019-04-28,16,60,37,74
41,2019-04-29,11,34,19,38
41,2019-04-30,15,40,24,48
42,2019-04-03,28,63,44,88
42,2019-04-04,22,64,42,84
42,2019-04-05,14,68,44,88
42,2019-04-06,50,96,62,124
42,2019-04-07,40,88,62,124
42,2019-04-08,30,80,57,114
42,2019-04-09,48,78,62,124
42,2019-04-10,31,53,43,86
42,2019-04-11,32,64,44,88
42,2019-04-12,30,70,48,96
42,2019-04-13,54,100,71,142
42,2019-04-14,21,87,45,90
42,2019-04-15,17,78,38,76
42,2019-04-16,11,84,39,78
42,2019-04-17,12,49,33,66
42,2019-04-18,11,96,44,88
42,2019-04-19,7,103,37,74
42,2019-04-20,6,102,36,72
42,2019-04-21,4,46,21,42
42,2019-04-22,8,42,24,48
42,2019-04-23,12,31,22,44
42,2019-04-26,5,26,13,26
42,2019-04-27,8,40,21,42
42,2019-04-28,21,54,38,76
42,2019-04-29,13,32,22,44
42,2019-04-30,20,49,32,64
43,2019-04-01,5,48,17,34
43,2019-04-03,30,61,44,88
43,2019-04-04,22,64,41,82
43,2019-04-05,14,71,44,88
43,2019-04-06,52,87,59,118
43,2019-04-07,41,100,66,132
43,2019-04-08,26,80,57,114
43,2019-04-09,44,74,58,116
43,2019-04-10,30,50,41,82
43,2019-04-11,29,53,38,76
43,2019-04-12,30,67,43,86
43,2019-04-13,40,96,62,124
43,2019-04-14,21,73,41,82
43,2019-04-15,15,72,36,72
43,2019-04-16,11,78,35,70
43,2019-04-17,14,107,36,72
43,2019-04-18,12,103,43,86
43,2019-04-19,6,106,38,76
43,2019-04-20,6,60,29,58
43,2019-04-21,4,47,25,50
43,2019-04-22,9,44,25,50
43,2019-04-23,12,30,21,42
43,2019-04-26,5,24,13,26
43,2019-04-27,9,43,22,44
43,2019-04-28,20,54,38,76
43,2019-04-29,11,35,22,44
43,2019-04-30,19,46,27,54
44,2019-04-01,6,50,24,48
44,2019-04-02,21,54,33,66
44,2019-04-03,35,78,53,106
44,2019-04-04,24,85,50,100
44,2019-04-05,16,92,52,104
44,2019-04-06,54,120,67,134
44,2019-04-07,45,102,71,142
44,2019-04-08,35,148,74,148
44,2019-04-09,51,113,70,140
44,2019-04-10,34,70,50,100
44,2019-04-11,34,92,57,114
44,2019-04-12,33,81,55,110
44,2019-04-13,56,142,81,162
44,2019-04-14,25,98,52,104
44,2019-04-15,24,118,51,102
44,2019-04-16,13,100,48,96
44,2019-04-17,16,115,41,82
44,2019-04-18,13,149,62,124
44,2019-04-19,8,121,44,88
44,2019-04-20,8,86,38,76
44,2019-04-21,4,53,26,52
44,2019-04-22,10,61,32,64
44,2019-04-23,13,40,25,50
44,2019-04-26,5,35,16,32
44,2019-04-27,9,41,22,44
44,2019-04-28,24,59,40,80
44,2019-04-29,15,36,24,48
44,2019-04-30,21,54,31,62
45,2019-04-01,6,46,19,38
45,2019-04-02,15,40,24,48
45,2019-04-03,32,80,48,96
45,2019-04-04,22,70,44,88
45,2019-04-05,14,81,43,86
45,2019-04-06,48,84,59,118
45,2019-04-07,38,87,59,118
45,2019-04-08,28,90,58,116
45,2019-04-09,44,81,60,120
45,2019-04-10,29,52,42,84
45,2019-04-11,31,52,39,78
45,2019-04-12,28,67,43,86
45,2019-04-13,40,88,60,120
45,2019-04-14,24,68,43,86
45,2019-04-15,16,90,40,80
45,2019-04-16,11,87,41,82
45,2019-04-17,14,100,38,76
45,2019-04-18,13,117,54,108
45,2019-04-19,7,112,40,80
45,2019-04-20,7,94,34,68
45,2019-04-21,4,65,27,54
45,2019-04-22,10,59,28,56
45,2019-04-23,11,32,21,42
45,2019-04-26,4,33,15,30
45,2019-04-27,9,57,32,64
45,2019-04-28,16,68,46,92
45,2019-04-29,13,76,30,60
45,2019-04-30,19,43,26,52
54,2019-04-01,6,41,18,36
54,2019-04-03,32,64,47,94
54,2019-04-04,26,65,45,90
54,2019-04-05,18,68,46,92
54,2019-04-06,55,89,63,126
54,2019-04-07,44,103,69,138
54,2019-04-08,30,83,61,122
54,2019-04-09,46,76,61,122
54,2019-04-10,32,52,43,86
54,2019-04-11,32,61,42,84
54,2019-04-12,31,68,46,92
54,2019-04-13,45,90,64,128
54,2019-04-14,24,75,44,88
54,2019-04-15,19,77,38,76
54,2019-04-16,13,76,40,80
54,2019-04-17,17,108,42,84
54,2019-04-18,15,127,52,104
54,2019-04-19,7,112,40,80
54,2019-04-20,8,66,32,64
54,2019-04-21,4,48,25,50
54,2019-04-22,10,55,30,60
54,2019-04-23,13,32,24,48
54,2019-04-26,5,24,13,26
54,2019-04-27,10,46,26,52
54,2019-04-28,19,56,39,78
54,2019-04-29,14,36,24,48
54,2019-04-30,20,46,30,60
55,2019-04-01,7,45,21,42
55,2019-04-02,15,55,30,60
55,2019-04-03,37,67,51,102
55,2019-04-11,31,56,43,86
55,2019-04-12,33,74,50,100
55,2019-04-13,47,107,69,138
55,2019-04-14,24,75,47,94
55,2019-04-15,18,89,41,82
55,2019-04-16,13,79,39,78
55,2019-04-17,16,118,42,84
55,2019-04-18,13,138,48,96
55,2019-04-19,6,128,41,82
55,2019-04-20,6,64,31,62
55,2019-04-21,4,50,24,48
55,2019-04-22,10,44,26,52
55,2019-04-23,13,35,24,48
55,2019-04-26,4,26,13,26
55,2019-04-27,10,48,25,50
55,2019-04-28,30,77,47,94
55,2019-04-29,11,38,23,46
55,2019-04-30,21,55,32,64
56,2019-04-01,3,62,22,44
56,2019-04-03,35,72,52,104
56,2019-04-04,27,71,48,96
56,2019-04-05,19,64,43,86
56,2019-04-06,52,106,66,132
56,2019-04-07,36,117,74,148
56,2019-04-08,32,103,62,124
56,2019-04-09,49,130,77,154
56,2019-04-10,32,64,49,98
56,2019-04-11,33,70,49,98
56,2019-04-12,38,74,52,104
56,2019-04-13,62,180,85,170
56,2019-04-14,27,128,52,104
56,2019-04-15,19,84,45,90
56,2019-04-16,12,108,43,86
56,2019-04-17,14,76,38,76
56,2019-04-18,14,137,57,114
56,2019-04-19,8,113,46,92
56,2019-04-20,8,65,35,70
56,2019-04-21,4,54,26,52
56,2019-04-22,10,48,28,56
56,2019-04-23,13,42,26,52
56,2019-04-26,6,40,18,36
56,2019-04-27,14,46,30,60
56,2019-04-28,30,65,49,98
56,2019-04-29,24,48,37,74
56,2019-04-30,20,105,39,78
57,2019-04-01,9,52,24,48
57,2019-04-03,32,66,47,94
57,2019-04-04,25,68,45,90
57,2019-04-05,18,74,47,94
57,2019-04-06,56,99,68,136
57,2019-04-07,48,106,70,140
57,2019-04-08,33,106,65,130
57,2019-04-09,50,101,66,132
57,2019-04-10,40,58,50,100
57,2019-04-11,39,69,50,100
57,2019-04-12,38,76,54,108
57,2019-04-13,58,106,74,148
57,2019-04-14,32,89,53,106
57,2019-04-15,23,87,46,92
57,2019-04-16,15,75,41,82
57,2019-04-17,18,118,48,96
57,2019-04-18,16,131,56,112
57,2019-04-19,8,121,43,86
57,2019-04-20,7,66,33,66
57,2019-04-21,6,50,25,50
57,2019-04-22,13,53,33,66
57,2019-04-23,15,42,28,56
57,2019-04-26,5,25,14,28
57,2019-04-27,10,57,28,56
57,2019-04-28,25,59,42,84
57,2019-04-29,16,38,27,54
57,2019-04-30,26,54,33,66
58,2019-04-04,20,64,41,82
58,2019-04-05,14,65,39,78
58,2019-04-06,28,74,56,112
58,2019-04-07,37,94,62,124
58,2019-04-08,25,80,50,100
58,2019-04-09,38,72,56,112
58,2019-04-10,32,58,45,90
58,2019-04-11,28,58,44,88
58,2019-04-12,34,68,47,94
58,2019-04-13,61,122,75,150
58,2019-04-14,20,87,44,88
58,2019-04-15,15,54,35,70
58,2019-04-16,10,56,29,58
58,2019-04-17,10,140,39,78
58,2019-04-18,12,88,36,72
58,2019-04-19,6,93,36,72
58,2019-04-20,6,69,28,56
58,2019-04-21,4,79,33,66
58,2019-04-22,7,64,30,60
58,2019-04-23,11,33,21,42
58,2019-04-26,4,33,15,30
58,2019-04-27,10,56,28,56
58,2019-04-28,24,61,44,88
58,2019-04-29,12,47,25,50
58,2019-04-30,17,48,28,56
59,2019-04-01,3,42,17,34
59,2019-04-02,21,48,28,56
59,2019-04-03,28,62,43,86
59,2019-04-04,22,61,41,82
59,2019-04-05,18,59,40,80
59,2019-04-06,50,82,59,118
59,2019-04-07,40,93,62,124
59,2019-04-08,27,84,52,104
59,2019-04-09,45,77,60,120
59,2019-04-10,30,56,41,82
59,2019-04-11,27,50,39,78
59,2019-04-12,30,71,45,90
59,2019-04-13,48,85,64,128
59,2019-04-14,20,91,44,88
59,2019-04-15,17,56,34,68
59,2019-04-16,10,78,37,74
59,2019-04-17,13,49,31,62
59,2019-04-18,12,99,43,86
59,2019-04-19,6,82,33,66
59,2019-04-20,6,57,27,54
59,2019-04-21,4,59,21,42
59,2019-04-22,9,52,27,54
59,2019-04-23,11,68,26,52
59,2019-04-26,5,29,15,30
59,2019-04-27,9,47,24,48
59,2019-04-28,20,54,39,78
59,2019-04-29,17,41,23,46
59,2019-04-30,20,45,27,54
60,2019-04-01,3,48,18,36
60,2019-04-02,22,51,30,60
60,2019-04-03,35,61,48,96
60,2019-04-04,28,65,47,94
60,2019-04-05,17,60,41,82
60,2019-04-06,43,84,64,128
60,2019-04-07,40,98,66,132
60,2019-04-08,32,83,56,112
60,2019-04-09,47,86,62,124
60,2019-04-10,32,59,46,92
60,2019-04-11,31,64,46,92
60,2019-04-12,33,69,49,98
60,2019-04-13,61,105,73,146
60,2019-04-14,25,101,48,96
60,2019-04-15,19,74,41,82
60,2019-04-16,13,68,35,70
60,2019-04-17,13,116,44,88
60,2019-04-18,14,98,48,96
60,2019-04-19,7,91,38,76
60,2019-04-20,7,57,29,58
60,2019-04-21,4,45,22,44
60,2019-04-22,9,49,27,54
60,2019-04-23,12,59,25,50
60,2019-04-26,5,28,15,30
60,2019-04-27,12,47,27,54
60,2019-04-28,22,59,41,82
60,2019-04-29,14,40,22,44
60,2019-04-30,20,47,31,62
61,2019-04-01,1,23,7,14
61,2019-04-02,4,20,12,24
61,2019-04-03,13,63,23,46
61,2019-04-04,13,40,21,42
61,2019-04-05,12,32,17,34
61,2019-04-06,20,43,28,56
61,2019-04-07,19,50,36,72
61,2019-04-08,14,85,36,72
61,2019-04-09,15,46,32,64
61,2019-04-10,10,18,13,26
61,2019-04-11,8,16,12,24
61,2019-04-12,7,35,15,30
61,2019-04-13,13,47,25,50
61,2019-04-14,9,41,18,36
61,2019-04-15,7,86,20,40
61,2019-04-16,4,39,16,32
61,2019-04-17,5,99,28,56
61,2019-04-18,9,76,29,58
61,2019-04-19,5,58,21,42
61,2019-04-20,3,29,14,28
61,2019-04-21,3,21,11,22
61,2019-04-22,4,23,11,22
61,2019-04-23,3,42,10,20
61,2019-04-26,3,18,8,16
61,2019-04-27,3,15,8,16
61,2019-04-28,5,26,14,28
62,2019-04-04,21,71,44,88
62,2019-04-05,14,165,51,102
62,2019-04-06,50,97,62,124
62,2019-04-07,38,99,65,130
62,2019-04-08,29,110,70,140
62,2019-04-09,46,105,65,130
62,2019-04-10,32,55,45,90
62,2019-04-11,33,75,43,86
62,2019-04-12,32,71,47,94
62,2019-04-13,46,127,71,142
62,2019-04-14,23,81,44,88
62,2019-04-15,19,136,45,90
62,2019-04-16,11,126,46,92
62,2019-04-19,7,133,48,96
62,2019-04-20,6,67,38,76
62,2019-04-21,4,67,32,64
62,2019-04-22,10,66,29,58
62,2019-04-23,12,32,20,40
62,2019-04-26,4,28,14,28
62,2019-04-27,9,43,26,52
62,2019-04-28,15,62,41,82
62,2019-04-29,13,60,30,60
62,2019-04-30,20,47,31,62
63,2019-04-01,10,59,28,56
63,2019-04-02,19,57,41,82
63,2019-04-03,33,63,47,94
63,2019-04-04,23,68,46,92
63,2019-04-05,16,85,41,82
63,2019-04-06,46,113,64,128
63,2019-04-07,50,88,69,138
63,2019-04-08,34,116,72,144
63,2019-04-09,49,90,65,130
63,2019-04-10,37,59,49,98
63,2019-04-11,38,67,51,102
63,2019-04-12,35,136,61,122
63,2019-04-13,58,128,84,168
63,2019-04-14,29,95,54,108
63,2019-04-15,26,112,53,106
63,2019-04-16,15,115,48,96
63,2019-04-17,16,299,68,136
63,2019-04-18,15,167,58,116
63,2019-04-19,10,88,45,90
63,2019-04-20,8,71,35,70
63,2019-04-21,6,68,34,68
63,2019-04-22,8,102,35,70
63,2019-04-23,14,38,23,46
63,2019-04-26,5,30,15,30
63,2019-04-27,10,48,25,50
63,2019-04-28,23,58,40,80
63,2019-04-29,14,42,25,50
63,2019-04-30,25,57,37,74
64,2019-04-01,6,54,23,46
64,2019-04-03,30,73,49,98
64,2019-04-04,24,68,46,92
64,2019-04-05,15,78,49,98
64,2019-04-06,51,132,67,134
64,2019-04-07,43,115,69,138
64,2019-04-08,29,88,62,124
64,2019-04-09,49,82,69,138
64,2019-04-10,31,57,46,92
64,2019-04-11,37,87,52,104
64,2019-04-12,32,68,49,98
64,2019-04-13,50,184,94,188
64,2019-04-14,24,85,46,92
64,2019-04-15,22,112,48,96
64,2019-04-16,12,81,43,86
64,2019-04-17,16,61,36,72
64,2019-04-18,12,125,53,106
64,2019-04-19,9,121,50,100
64,2019-04-20,9,68,39,78
64,2019-04-21,5,49,28,56
64,2019-04-22,10,46,28,56
64,2019-04-23,12,32,23,46
64,2019-04-26,5,29,13,26
64,2019-04-27,9,43,25,50
64,2019-04-28,24,57,43,86
64,2019-04-29,13,42,25,50
64,2019-04-30,24,45,34,68
65,2019-04-01,3,41,18,36
65,2019-04-02,19,43,26,52
65,2019-04-03,27,62,42,84
65,2019-04-04,20,60,39,78
65,2019-04-05,15,64,41,82
65,2019-04-06,50,84,60,120
65,2019-04-07,34,100,63,126
65,2019-04-08,22,74,50,100
65,2019-04-09,35,75,56,112
65,2019-04-10,29,50,41,82
65,2019-04-11,28,49,37,74
65,2019-04-12,30,69,42,84
65,2019-04-13,47,90,63,126
65,2019-04-14,22,72,42,84
65,2019-04-15,13,64,33,66
65,2019-04-16,10,79,36,72
65,2019-04-17,14,93,33,66
65,2019-04-18,10,121,48,96
65,2019-04-19,6,78,32,64
65,2019-04-20,6,68,26,52
65,2019-04-21,4,44,21,42
65,2019-04-22,8,55,27,54
65,2019-04-23,11,34,20,40
65,2019-04-26,4,16,11,22
65,2019-04-27,10,48,24,48
65,2019-04-28,21,55,37,74
65,2019-04-29,12,41,21,42
65,2019-04-30,17,50,27,54
66,2019-04-01,6,55,23,46
66,2019-04-02,22,50,30,60
66,2019-04-03,29,68,45,90
66,2019-04-04,23,67,43,86
66,2019-04-05,17,70,45,90
66,2019-04-06,54,94,64,128
66,2019-04-07,45,100,66,132
66,2019-04-08,31,90,63,126
66,2019-04-09,47,90,66,132
66,2019-04-10,35,59,48,96
66,2019-04-11,38,71,49,98
66,2019-04-12,36,74,54,108
66,2019-04-13,56,101,75,150
66,2019-04-14,28,102,50,100
66,2019-04-15,21,106,47,94
66,2019-04-16,12,84,43,86
66,2019-04-17,14,105,45,90
66,2019-04-18,14,123,56,112
66,2019-04-19,8,104,40,80
66,2019-04-20,6,68,31,62
66,2019-04-21,4,85,28,56
66,2019-04-22,10,74,35,70
66,2019-04-23,13,42,24,48
66,2019-04-26,5,37,15,30
66,2019-04-27,10,50,27,54
66,2019-04-28,19,76,39,78
66,2019-04-29,13,35,21,42
66,2019-04-30,22,50,30,60
67,2019-04-13,47,101,68,136
67,2019-04-14,24,80,46,92
67,2019-04-15,18,106,47,94
67,2019-04-16,12,98,44,88
67,2019-04-17,16,72,38,76
67,2019-04-18,12,118,54,108
67,2019-04-19,6,104,37,74
67,2019-04-20,6,74,35,70
67,2019-04-21,3,55,25,50
67,2019-04-22,9,51,29,58
67,2019-04-23,14,36,25,50
67,2019-04-26,5,40,15,30
67,2019-04-27,11,46,25,50
67,2019-04-28,21,58,39,78
67,2019-04-29,12,35,25,50
67,2019-04-30,19,45,28,56
68,2019-04-01,5,41,20,40
68,2019-04-02,21,56,28,56
68,2019-04-03,27,63,44,88
68,2019-04-04,22,63,41,82
68,2019-04-05,17,63,42,84
68,2019-04-06,53,94,64,128
68,2019-04-07,44,110,71,142
68,2019-04-08,29,86,59,118
68,2019-04-09,48,80,62,124
68,2019-04-10,35,53,45,90
68,2019-04-11,31,56,45,90
68,2019-04-12,32,98,53,106
68,2019-04-13,54,100,71,142
68,2019-04-14,22,87,45,90
68,2019-04-15,20,78,40,80
68,2019-04-16,11,83,38,76
68,2019-04-17,13,81,38,76
68,2019-04-18,13,109,48,96
68,2019-04-19,7,83,34,68
68,2019-04-20,6,70,31,62
68,2019-04-21,4,50,23,46
68,2019-04-22,10,60,31,62
68,2019-04-23,12,39,25,50
68,2019-04-26,5,21,13,26
68,2019-04-27,10,53,26,52
68,2019-04-28,24,58,43,86
68,2019-04-29,18,43,26,52
68,2019-04-30,19,51,33,66
69,2019-04-01,6,56,23,46
69,2019-04-03,33,75,50,100
69,2019-04-04,24,67,48,96
69,2019-04-05,17,78,45,90
69,2019-04-06,48,91,67,134
69,2019-04-07,48,110,74,148
69,2019-04-08,28,93,62,124
69,2019-04-09,45,104,70,140
69,2019-04-10,34,58,48,96
69,2019-04-11,33,56,44,88
69,2019-04-12,37,94,54,108
69,2019-04-13,56,178,80,160
69,2019-04-14,29,114,51,102
69,2019-04-15,20,92,43,86
69,2019-04-16,13,98,43,86
69,2019-04-17,14,77,40,80
69,2019-04-18,15,197,76,152
69,2019-04-19,8,119,44,88
69,2019-04-20,6,80,33,66
69,2019-04-21,5,103,36,72
69,2019-04-22,10,56,33,66
69,2019-04-23,13,49,27,54
69,2019-04-26,5,38,18,36
69,2019-04-27,10,58,26,52
69,2019-04-28,20,64,42,84
69,2019-04-29,12,45,24,48
69,2019-04-30,20,59,30,60
7,2019-04-01,4,44,19,38
7,2019-04-02,23,50,31,62
7,2019-04-03,27,81,45,90
7,2019-04-04,21,64,40,80
7,2019-04-05,15,71,42,84
7,2019-04-06,40,92,61,122
7,2019-04-07,43,90,67,134
7,2019-04-08,28,82,58,116
7,2019-04-09,42,80,59,118
7,2019-04-10,31,53,43,86
7,2019-04-11,29,70,42,84
7,2019-04-12,29,75,48,96
7,2019-04-13,58,92,69,138
7,2019-04-14,24,95,47,94
7,2019-04-15,17,67,41,82
7,2019-04-16,10,80,39,78
7,2019-04-17,14,59,33,66
7,2019-04-18,13,90,44,88
7,2019-04-19,7,86,37,74
7,2019-04-20,6,57,26,52
7,2019-04-21,4,42,20,40
7,2019-04-22,9,41,24,48
7,2019-04-23,13,34,23,46
7,2019-04-25,8,38,19,38
7,2019-04-26,4,28,12,24
7,2019-04-27,10,43,22,44
7,2019-04-28,19,54,37,74
7,2019-04-29,13,32,21,42
7,2019-04-30,19,46,29,58
70,2019-04-01,4,61,19,38
70,2019-04-03,32,62,45,90
70,2019-04-04,24,64,43,86
70,2019-04-05,19,66,41,82
70,2019-04-06,53,82,63,126
70,2019-04-07,45,96,70,140
70,2019-04-08,31,110,63,126
70,2019-04-09,49,91,65,130
70,2019-04-10,34,72,45,90
70,2019-04-11,38,58,47,94
70,2019-04-12,35,75,51,102
70,2019-04-13,52,98,69,138
70,2019-04-14,24,83,46,92
70,2019-04-15,21,75,41,82
70,2019-04-16,13,82,38,76
70,2019-04-20,8,70,32,64
70,2019-04-21,4,60,29,58
70,2019-04-22,11,68,32,64
70,2019-04-23,14,62,26,52
70,2019-04-26,6,28,14,28
70,2019-04-27,10,52,26,52
70,2019-04-28,25,59,43,86
70,2019-04-29,17,45,26,52
70,2019-04-30,20,50,34,68
71,2019-04-01,3,60,21,42
71,2019-04-03,32,73,47,94
71,2019-04-04,28,71,47,94
71,2019-04-05,20,65,44,88
71,2019-04-06,52,88,64,128
71,2019-04-07,44,104,68,136
71,2019-04-08,29,95,59,118
71,2019-04-09,49,88,67,134
71,2019-04-10,36,61,48,96
71,2019-04-11,37,115,53,106
71,2019-04-12,33,108,53,106
71,2019-04-13,58,105,74,148
71,2019-04-14,24,90,48,96
71,2019-04-15,21,61,38,76
71,2019-04-16,14,92,43,86
71,2019-04-17,16,56,37,74
71,2019-04-18,14,106,54,108
71,2019-04-19,6,92,34,68
71,2019-04-20,7,96,33,66
71,2019-04-21,5,58,24,48
71,2019-04-22,10,65,30,60
71,2019-04-23,12,56,25,50
71,2019-04-26,8,36,16,32
71,2019-04-27,10,53,26,52
71,2019-04-28,26,58,44,88
71,2019-04-29,18,64,30,60
71,2019-04-30,20,49,31,62
72,2019-04-01,6,46,21,42
72,2019-04-02,21,54,33,66
72,2019-04-03,35,66,50,100
72,2019-04-04,26,66,46,92
72,2019-04-05,18,76,48,96
72,2019-04-06,57,106,67,134
72,2019-04-07,45,120,74,148
72,2019-04-08,27,99,62,124
72,2019-04-09,47,86,66,132
72,2019-04-10,38,58,48,96
72,2019-04-11,34,54,44,88
72,2019-04-12,34,78,48,96
72,2019-04-13,57,93,71,142
72,2019-04-14,24,82,50,100
72,2019-04-15,16,78,40,80
72,2019-04-16,14,79,40,80
72,2019-04-17,18,75,40,80
72,2019-04-18,15,146,55,110
72,2019-04-19,8,117,41,82
72,2019-04-20,7,71,32,64
72,2019-04-21,5,56,27,54
72,2019-04-22,11,64,34,68
72,2019-04-23,15,38,26,52
72,2019-04-26,6,27,14,28
72,2019-04-27,13,49,28,56
72,2019-04-28,23,60,43,86
72,2019-04-29,17,42,26,52
72,2019-04-30,20,56,33,66
73,2019-04-02,17,87,35,70
73,2019-04-03,35,71,53,106
73,2019-04-04,23,72,49,98
73,2019-04-05,15,82,49,98
73,2019-04-06,56,114,72,144
73,2019-04-07,42,130,77,154
73,2019-04-08,29,115,65,130
73,2019-04-09,44,86,64,128
73,2019-04-10,34,59,48,96
73,2019-04-11,37,56,45,90
73,2019-04-12,34,76,50,100
73,2019-04-13,52,108,71,142
73,2019-04-14,24,82,50,100
73,2019-04-15,16,90,42,84
73,2019-04-16,11,86,40,80
73,2019-04-17,22,92,44,88
73,2019-04-18,14,123,51,102
73,2019-04-19,6,102,37,74
73,2019-04-20,7,68,32,64
73,2019-04-21,4,56,25,50
73,2019-04-22,11,53,29,58
73,2019-04-23,13,34,24,48
73,2019-04-26,5,23,14,28
73,2019-04-27,11,49,30,60
73,2019-04-28,31,64,47,94
73,2019-04-29,13,52,30,60
73,2019-04-30,20,53,33,66
74,2019-04-01,4,69,21,42
74,2019-04-03,32,66,46,92
74,2019-04-04,26,64,45,90
74,2019-04-05,15,62,40,80
74,2019-04-06,52,111,69,138
74,2019-04-07,44,113,72,144
74,2019-04-08,38,90,59,118
74,2019-04-09,49,92,66,132
74,2019-04-10,36,61,49,98
74,2019-04-11,42,63,51,102
74,2019-04-12,38,75,53,106
74,2019-04-13,68,149,89,178
74,2019-04-14,28,130,52,104
74,2019-04-15,24,75,43,86
74,2019-04-16,13,86,40,80
74,2019-04-17,13,79,41,82
74,2019-04-18,14,111,45,90
74,2019-04-19,8,100,40,80
74,2019-04-20,8,68,32,64
74,2019-04-21,6,73,29,58
74,2019-04-22,8,58,31,62
74,2019-04-23,13,36,22,44
74,2019-04-26,6,30,15,30
74,2019-04-27,12,59,30,60
74,2019-04-28,29,66,51,102
74,2019-04-29,20,52,34,68
74,2019-04-30,22,56,36,72
75,2019-04-10,44,86,63,126
75,2019-04-11,46,103,70,140
75,2019-04-12,51,108,72,144
75,2019-04-13,76,274,126,252
75,2019-04-14,32,193,67,134
75,2019-04-15,23,179,64,128
75,2019-04-16,13,225,67,134
75,2019-04-17,18,400,87,174
75,2019-04-18,16,341,123,246
75,2019-04-19,9,201,75,150
75,2019-04-20,10,174,71,142
75,2019-04-21,6,146,59,118
75,2019-04-22,10,123,44,88
75,2019-04-23,16,61,29,58
75,2019-04-26,5,54,26,52
75,2019-04-27,13,320,80,160
75,2019-04-28,45,205,82,164
75,2019-04-29,31,260,91,182
75,2019-04-30,26,64,42,84
76,2019-04-01,6,48,23,46
76,2019-04-02,25,48,32,64
76,2019-04-03,33,70,48,96
76,2019-04-04,26,71,47,94
76,2019-04-05,18,65,46,92
76,2019-04-06,57,103,68,136
76,2019-04-07,46,121,74,148
76,2019-04-08,34,96,66,132
76,2019-04-09,49,94,67,134
76,2019-04-10,33,58,48,96
76,2019-04-11,38,58,49,98
76,2019-04-12,37,77,52,104
76,2019-04-13,58,108,76,152
76,2019-04-14,27,94,52,104
76,2019-04-15,20,91,44,88
76,2019-04-16,12,80,41,82
76,2019-04-17,15,116,43,86
76,2019-04-18,14,120,54,108
76,2019-04-19,9,165,43,86
76,2019-04-20,8,68,34,68
76,2019-04-21,4,52,26,52
76,2019-04-22,11,51,29,58
76,2019-04-23,14,39,26,52
76,2019-04-26,5,30,15,30
76,2019-04-27,10,56,29,58
76,2019-04-28,31,60,47,94
76,2019-04-29,24,42,31,62
76,2019-04-30,21,54,35,70
77,2019-04-03,35,69,49,98
77,2019-04-04,24,69,46,92
77,2019-04-05,19,69,49,98
77,2019-04-06,56,109,68,136
77,2019-04-07,47,121,74,148
77,2019-04-08,30,89,62,124
77,2019-04-09,48,84,65,130
77,2019-04-10,39,57,49,98
77,2019-04-11,36,55,45,90
77,2019-04-12,36,80,51,102
77,2019-04-13,56,99,72,144
77,2019-04-14,29,86,51,102
77,2019-04-15,18,96,41,82
77,2019-04-16,14,91,42,84
77,2019-04-17,19,118,42,84
77,2019-04-18,15,132,52,104
77,2019-04-19,8,93,36,72
77,2019-04-20,6,72,32,64
77,2019-04-21,5,52,25,50
77,2019-04-22,11,66,32,64
77,2019-04-23,16,42,26,52
77,2019-04-26,5,18,12,24
77,2019-04-27,11,52,28,56
77,2019-04-28,25,59,43,86
77,2019-04-29,14,45,24,48
77,2019-04-30,22,58,33,66
78,2019-04-01,4,49,20,40
78,2019-04-02,22,56,32,64
78,2019-04-03,32,76,51,102
78,2019-04-04,25,80,50,100
78,2019-04-05,15,76,51,102
78,2019-04-06,56,110,69,138
78,2019-04-07,43,118,73,146
78,2019-04-08,28,115,71,142
78,2019-04-09,45,104,70,140
78,2019-04-10,32,60,46,92
78,2019-04-11,32,58,43,86
78,2019-04-12,34,77,48,96
78,2019-04-13,50,108,71,142
78,2019-04-14,22,93,47,94
78,2019-04-15,16,107,45,90
78,2019-04-16,10,103,47,94
78,2019-04-17,14,95,40,80
78,2019-04-18,13,158,65,130
78,2019-04-19,6,139,45,90
78,2019-04-20,7,73,37,74
78,2019-04-21,4,57,28,56
78,2019-04-22,8,56,29,58
78,2019-04-23,14,34,25,50
78,2019-04-26,5,41,17,34
78,2019-04-27,11,48,28,56
78,2019-04-28,40,66,52,104
78,2019-04-29,16,45,28,56
78,2019-04-30,21,51,32,64
79,2019-04-01,4,56,22,44
79,2019-04-02,24,50,31,62
79,2019-04-03,34,66,48,96
79,2019-04-04,26,66,46,92
79,2019-04-05,19,69,44,88
79,2019-04-06,58,96,69,138
79,2019-04-07,48,123,76,152
79,2019-04-08,28,96,63,126
79,2019-04-09,51,95,68,136
79,2019-04-10,38,57,48,96
79,2019-04-11,36,61,49,98
79,2019-04-12,37,83,54,108
79,2019-04-13,58,109,77,154
79,2019-04-14,25,96,50,100
79,2019-04-15,21,85,42,84
79,2019-04-16,12,99,43,86
79,2019-04-17,14,81,42,84
79,2019-04-18,14,117,53,106
79,2019-04-19,8,96,39,78
79,2019-04-20,7,94,36,72
79,2019-04-21,5,67,29,58
79,2019-04-22,11,82,36,72
79,2019-04-23,14,63,29,58
79,2019-04-26,5,24,14,28
79,2019-04-27,11,55,29,58
79,2019-04-28,28,63,48,96
79,2019-04-29,20,48,31,62
79,2019-04-30,20,58,36,72
80,2019-04-02,18,51,32,64
80,2019-04-03,36,68,49,98
80,2019-04-04,24,80,47,94
80,2019-04-05,20,91,50,100
80,2019-04-06,55,127,68,136
80,2019-04-07,42,108,72,144
80,2019-04-08,30,116,71,142
80,2019-04-09,47,88,67,134
80,2019-04-10,35,56,47,94
80,2019-04-11,39,64,47,94
80,2019-04-12,34,74,49,98
80,2019-04-16,14,91,44,88
80,2019-04-17,18,98,43,86
80,2019-04-18,14,128,52,104
80,2019-04-19,8,102,42,84
80,2019-04-20,8,70,34,68
80,2019-04-21,5,48,26,52
80,2019-04-22,11,46,28,56
80,2019-04-23,14,46,25,50
80,2019-04-26,5,24,14,28
80,2019-04-27,11,48,27,54
80,2019-04-28,29,58,44,88
80,2019-04-29,12,41,24,48
80,2019-04-30,22,52,34,68
81,2019-04-01,8,56,23,46
81,2019-04-03,31,68,48,96
81,2019-04-04,25,74,47,94
81,2019-04-05,16,98,52,104
81,2019-04-06,57,112,69,138
81,2019-04-07,47,128,79,158
81,2019-04-08,34,96,66,132
81,2019-04-09,49,82,65,130
81,2019-04-10,34,60,49,98
81,2019-04-11,36,66,49,98
81,2019-04-12,34,72,51,102
81,2019-04-13,53,128,79,158
81,2019-04-14,26,81,48,96
81,2019-04-15,20,180,48,96
81,2019-04-16,13,92,42,84
81,2019-04-17,18,102,40,80
81,2019-04-18,14,120,49,98
81,2019-04-19,8,116,40,80
81,2019-04-20,8,63,33,66
81,2019-04-21,4,49,25,50
81,2019-04-22,10,50,30,60
81,2019-04-23,14,34,24,48
81,2019-04-26,5,27,15,30
81,2019-04-27,11,48,27,54
81,2019-04-28,32,64,48,96
81,2019-04-29,20,49,35,70
81,2019-04-30,21,54,34,68
82,2019-04-01,4,44,19,38
82,2019-04-03,34,66,48,96
82,2019-04-04,25,62,45,90
82,2019-04-05,19,65,43,86
82,2019-04-06,50,88,64,128
82,2019-04-07,46,96,69,138
82,2019-04-08,30,90,61,122
82,2019-04-09,46,80,62,124
82,2019-04-10,35,57,46,92
82,2019-04-11,32,70,43,86
82,2019-04-12,32,83,51,102
82,2019-04-13,56,96,72,144
82,2019-04-14,25,114,50,100
82,2019-04-15,20,77,39,78
82,2019-04-16,13,80,37,74
82,2019-04-17,16,76,41,82
82,2019-04-18,15,119,56,112
82,2019-04-19,9,127,41,82
82,2019-04-20,7,71,31,62
82,2019-04-21,5,112,35,70
82,2019-04-22,13,65,34,68
82,2019-04-23,16,38,26,52
82,2019-04-26,5,30,14,28
82,2019-04-27,11,55,27,54
82,2019-04-28,27,62,46,92
82,2019-04-29,13,47,28,56
82,2019-04-30,22,52,31,62
83,2019-04-01,7,62,26,52
83,2019-04-02,25,53,37,74
83,2019-04-03,38,70,52,104
83,2019-04-04,27,73,48,96
83,2019-04-05,21,101,49,98
83,2019-04-06,47,86,65,130
83,2019-04-07,46,94,71,142
83,2019-04-08,36,136,74,148
83,2019-04-09,48,86,62,124
83,2019-04-10,40,62,50,100
83,2019-04-11,36,72,50,100
83,2019-04-12,34,84,58,116
83,2019-04-13,63,119,84,168
83,2019-04-14,29,91,53,106
83,2019-04-15,23,80,49,98
83,2019-04-16,19,93,46,92
83,2019-04-17,16,158,58,116
83,2019-04-18,16,180,73,146
83,2019-04-19,8,140,51,102
83,2019-04-20,7,75,35,70
83,2019-04-21,6,86,35,70
83,2019-04-22,12,79,37,74
83,2019-04-23,18,51,30,60
83,2019-04-26,6,41,15,30
83,2019-04-27,10,70,30,60
83,2019-04-28,31,59,50,100
83,2019-04-29,21,98,48,96
83,2019-04-30,23,57,36,72
84,2019-04-01,3,65,19,38
84,2019-04-02,21,60,31,62
84,2019-04-03,33,66,48,96
84,2019-04-04,24,85,48,96
84,2019-04-05,16,87,41,82
84,2019-04-06,53,91,65,130
84,2019-04-07,39,97,70,140
84,2019-04-08,28,219,74,148
84,2019-04-09,48,85,64,128
84,2019-04-10,33,56,44,88
84,2019-04-11,34,60,47,94
84,2019-04-12,34,80,50,100
84,2019-04-13,56,111,74,148
84,2019-04-14,22,86,46,92
84,2019-04-15,19,91,42,84
84,2019-04-16,11,96,40,80
84,2019-04-17,12,140,51,102
84,2019-04-18,12,125,55,110
84,2019-04-19,6,124,43,86
84,2019-04-20,8,75,35,70
84,2019-04-21,5,101,37,74
84,2019-04-22,8,63,31,62
84,2019-04-23,14,36,24,48
84,2019-04-26,4,31,14,28
84,2019-04-27,11,47,27,54
84,2019-04-28,30,61,49,98
84,2019-04-29,18,59,34,68
84,2019-04-30,18,52,32,64
85,2019-04-01,5,56,24,48
85,2019-04-02,26,57,34,68
85,2019-04-03,37,111,56,112
85,2019-04-04,26,83,52,104
85,2019-04-05,19,89,49,98
85,2019-04-06,53,96,66,132
85,2019-04-07,49,131,79,158
85,2019-04-08,36,115,65,130
85,2019-04-09,49,102,67,134
85,2019-04-10,36,58,49,98
85,2019-04-11,37,75,49,98
85,2019-04-12,35,78,53,106
85,2019-04-13,56,123,76,152
85,2019-04-14,28,99,51,102
85,2019-04-15,23,137,56,112
85,2019-04-16,14,116,45,90
85,2019-04-17,15,93,40,80
85,2019-04-18,16,102,54,108
85,2019-04-19,9,106,43,86
85,2019-04-20,12,68,35,70
85,2019-04-21,6,50,27,54
85,2019-04-22,13,46,31,62
85,2019-04-23,14,41,27,54
85,2019-04-26,5,35,15,30
85,2019-04-27,12,49,27,54
85,2019-04-28,22,57,41,82
85,2019-04-29,21,54,33,66
85,2019-04-30,19,84,37,74
86,2019-04-01,4,51,22,44
86,2019-04-02,24,70,36,72
86,2019-04-03,38,97,55,110
86,2019-04-04,26,78,48,96
86,2019-04-05,19,80,48,96
86,2019-04-06,54,92,70,140
86,2019-04-07,49,162,79,158
86,2019-04-08,32,149,78,156
86,2019-04-09,48,132,78,156
86,2019-04-10,36,58,47,94
86,2019-04-11,30,64,43,86
86,2019-04-12,31,80,50,100
86,2019-04-13,58,105,71,142
86,2019-04-14,27,94,52,104
86,2019-04-15,21,155,58,116
86,2019-04-16,12,107,43,86
86,2019-04-17,15,300,66,132
86,2019-04-18,15,257,80,160
86,2019-04-19,8,134,55,110
86,2019-04-20,7,98,41,82
86,2019-04-21,5,87,39,78
86,2019-04-22,13,67,35,70
86,2019-04-23,14,48,29,58
86,2019-04-26,5,39,16,32
86,2019-04-27,12,48,27,54
86,2019-04-28,28,59,45,90
86,2019-04-29,22,55,36,72
86,2019-04-30,19,66,35,70
87,2019-04-01,12,102,38,76
87,2019-04-02,21,130,45,90
87,2019-04-03,46,108,67,134
87,2019-04-04,29,79,54,108
87,2019-04-05,20,108,59,118
87,2019-04-06,55,134,77,154
87,2019-04-07,52,130,78,156
87,2019-04-08,38,121,77,154
87,2019-04-09,52,104,73,146
87,2019-04-10,36,97,56,112
87,2019-04-11,39,110,56,112
87,2019-04-12,35,158,65,130
87,2019-04-13,54,149,84,168
87,2019-04-14,28,95,60,120
87,2019-04-15,27,108,58,116
87,2019-04-16,15,98,53,106
87,2019-04-17,26,157,54,108
87,2019-04-18,20,184,85,170
87,2019-04-19,9,158,65,130
87,2019-04-20,13,92,48,96
87,2019-04-21,6,81,36,72
87,2019-04-22,12,64,36,72
87,2019-04-23,18,43,28,56
87,2019-04-26,6,42,20,40
87,2019-04-27,11,52,34,68
87,2019-04-28,34,71,55,110
87,2019-04-29,17,93,39,78
87,2019-04-30,24,57,38,76
88,2019-04-01,7,49,23,46
88,2019-04-03,37,71,54,108
88,2019-04-04,23,78,47,94
88,2019-04-05,18,82,50,100
88,2019-04-06,52,105,67,134
88,2019-04-07,46,121,74,148
88,2019-04-08,28,113,62,124
88,2019-04-09,45,90,65,130
88,2019-04-10,39,58,49,98
88,2019-04-11,35,54,44,88
88,2019-04-12,36,78,50,100
88,2019-04-13,56,91,70,140
88,2019-04-14,27,80,50,100
88,2019-04-15,17,88,41,82
88,2019-04-16,15,87,43,86
88,2019-04-17,21,77,41,82
88,2019-04-18,16,140,64,128
88,2019-04-19,8,98,37,74
88,2019-04-20,7,66,32,64
88,2019-04-21,5,49,26,52
88,2019-04-22,14,64,35,70
88,2019-04-23,16,41,27,54
88,2019-04-26,4,33,15,30
88,2019-04-27,11,48,26,52
88,2019-04-28,25,58,42,84
88,2019-04-29,13,45,26,52
88,2019-04-30,20,54,30,60
89,2019-04-01,6,49,21,42
89,2019-04-03,37,70,52,104
89,2019-04-04,28,68,48,96
89,2019-04-05,19,76,50,100
89,2019-04-06,59,111,69,138
89,2019-04-07,46,114,73,146
89,2019-04-08,31,89,61,122
89,2019-04-09,46,90,65,130
89,2019-04-10,41,55,49,98
89,2019-04-11,35,50,43,86
89,2019-04-12,36,77,48,96
89,2019-04-13,54,84,69,138
89,2019-04-14,28,78,50,100
89,2019-04-15,18,81,40,80
89,2019-04-16,15,76,40,80
89,2019-04-17,24,72,42,84
89,2019-04-18,16,139,57,114
89,2019-04-19,8,125,40,80
89,2019-04-20,7,68,31,62
89,2019-04-21,6,49,26,52
89,2019-04-22,13,52,32,64
89,2019-04-23,16,40,28,56
89,2019-04-26,6,24,14,28
89,2019-04-27,11,48,29,58
89,2019-04-28,23,60,44,88
89,2019-04-29,18,42,27,54
89,2019-04-30,22,56,34,68
90,2019-04-03,35,69,51,102
90,2019-04-04,26,69,47,94
90,2019-04-05,19,68,49,98
90,2019-04-06,58,103,68,136
90,2019-04-07,51,180,75,150
90,2019-04-08,40,88,65,130
90,2019-04-09,53,84,66,132
90,2019-04-10,39,69,53,106
90,2019-04-11,46,68,57,114
90,2019-04-12,39,87,61,122
90,2019-04-13,63,143,87,174
90,2019-04-14,30,96,56,112
90,2019-04-15,24,127,50,100
90,2019-04-16,16,81,45,90
90,2019-04-17,19,158,52,104
90,2019-04-18,16,126,54,108
90,2019-04-19,10,100,39,78
90,2019-04-20,10,72,36,72
90,2019-04-21,6,52,28,56
90,2019-04-22,12,55,34,68
90,2019-04-23,16,38,28,56
90,2019-04-26,6,29,16,32
90,2019-04-27,12,54,32,64
90,2019-04-28,35,60,50,100
90,2019-04-29,25,56,39,78
90,2019-04-30,28,53,38,76
91,2019-04-05,18,73,49,98
91,2019-04-06,58,107,68,136
91,2019-04-07,48,131,78,156
91,2019-04-08,29,120,67,134
91,2019-04-09,48,102,71,142
91,2019-04-10,36,57,49,98
91,2019-04-11,36,58,47,94
91,2019-04-12,37,75,51,102
91,2019-04-13,57,101,74,148
91,2019-04-14,26,87,48,96
91,2019-04-15,18,86,41,82
91,2019-04-16,13,90,44,88
91,2019-04-17,18,88,44,88
91,2019-04-18,14,168,66,132
91,2019-04-19,7,116,42,84
91,2019-04-20,6,72,33,66
91,2019-04-21,5,51,26,52
91,2019-04-22,10,63,33,66
91,2019-04-23,16,41,28,56
91,2019-04-26,6,32,15,30
91,2019-04-27,10,51,31,62
91,2019-04-28,24,63,45,90
91,2019-04-29,19,58,35,70
91,2019-04-30,19,54,31,62
92,2019-04-01,4,60,25,50
92,2019-04-02,25,57,38,76
92,2019-04-03,43,77,58,116
92,2019-04-04,29,220,74,148
92,2019-04-05,22,74,51,102
92,2019-04-06,62,168,86,172
92,2019-04-07,52,135,80,160
92,2019-04-08,34,107,62,124
92,2019-04-09,46,87,64,128
92,2019-04-10,38,65,51,102
92,2019-04-11,38,73,50,100
92,2019-04-12,37,74,53,106
92,2019-04-13,59,117,78,156
92,2019-04-14,29,111,52,104
92,2019-04-15,19,64,45,90
92,2019-04-16,12,72,39,78
92,2019-04-17,20,168,62,124
92,2019-04-18,13,103,51,102
92,2019-04-19,9,86,40,80
92,2019-04-20,9,94,37,74
92,2019-04-21,4,90,35,70
92,2019-04-22,10,54,34,68
92,2019-04-23,19,40,29,58
92,2019-04-26,5,35,17,34
92,2019-04-27,13,101,50,100
92,2019-04-28,30,112,55,110
92,2019-04-29,19,113,47,94
92,2019-04-30,22,56,36,72
929,2019-04-03,27,70,43,86
929,2019-04-04,20,78,42,84
929,2019-04-05,15,59,38,76
929,2019-04-06,48,81,61,122
929,2019-04-07,40,92,65,130
929,2019-04-08,26,88,56,112
929,2019-04-09,46,82,61,122
929,2019-04-10,28,51,38,76
929,2019-04-11,28,51,41,82
929,2019-04-12,26,77,44,88
929,2019-04-13,40,92,65,130
929,2019-04-14,18,84,41,82
929,2019-04-15,17,78,35,70
929,2019-04-16,9,90,36,72
929,2019-04-19,5,85,33,66
929,2019-04-20,5,82,30,60
929,2019-04-21,4,62,26,52
929,2019-04-25,6,36,18,36
929,2019-04-26,3,22,11,22
929,2019-04-27,8,45,20,40
929,2019-04-28,18,55,36,72
929,2019-04-29,11,38,18,36
929,2019-04-30,14,46,27,54
93,2019-04-01,3,58,22,44
93,2019-04-02,22,45,29,58
93,2019-04-03,28,59,45,90
93,2019-04-04,23,63,44,88
93,2019-04-05,16,64,42,84
93,2019-04-06,30,80,59,118
93,2019-04-07,40,90,63,126
93,2019-04-08,30,120,56,112
93,2019-04-09,46,100,61,122
93,2019-04-10,34,62,46,92
93,2019-04-11,31,58,45,90
93,2019-04-12,31,69,48,96
93,2019-04-13,56,122,75,150
93,2019-04-14,22,89,44,88
93,2019-04-15,18,52,36,72
93,2019-04-16,12,56,31,62
93,2019-04-17,19,100,43,86
93,2019-04-18,14,108,47,94
93,2019-04-19,8,122,40,80
93,2019-04-20,7,68,28,56
93,2019-04-21,6,87,37,74
93,2019-04-22,9,136,39,78
93,2019-04-23,16,42,25,50
93,2019-04-26,5,33,16,32
93,2019-04-27,11,68,32,64
93,2019-04-28,27,62,46,92
93,2019-04-29,15,52,29,58
93,2019-04-30,20,58,33,66
930,2019-04-04,27,87,53,106
930,2019-04-05,18,83,49,98
930,2019-04-06,54,100,66,132
930,2019-04-07,37,97,65,130
930,2019-04-08,26,96,61,122
930,2019-04-09,48,94,70,140
930,2019-04-10,33,60,43,86
930,2019-04-11,28,61,40,80
930,2019-04-12,28,67,46,92
930,2019-04-13,35,95,64,128
930,2019-04-14,22,80,44,88
930,2019-04-15,16,81,37,74
930,2019-04-16,12,93,42,84
930,2019-04-17,17,95,40,80
930,2019-04-18,13,124,59,118
930,2019-04-19,6,116,42,84
930,2019-04-20,6,83,35,70
930,2019-04-21,4,90,32,64
930,2019-04-24,10,46,24,48
930,2019-04-25,9,46,26,52
930,2019-04-26,8,40,22,44
930,2019-04-27,10,42,29,58
930,2019-04-28,18,84,43,86
931,2019-04-01,4,31,15,30
931,2019-04-10,24,43,34,68
931,2019-04-11,28,52,37,74
931,2019-04-12,26,65,39,78
931,2019-04-13,43,118,71,142
931,2019-04-14,18,94,40,80
931,2019-04-15,15,94,34,68
931,2019-04-16,10,75,34,68
931,2019-04-17,11,143,36,72
931,2019-04-18,11,128,49,98
931,2019-04-19,7,101,36,72
931,2019-04-20,7,64,26,52
931,2019-04-21,4,38,18,36
931,2019-04-22,8,35,20,40
931,2019-04-23,10,25,17,34
931,2019-04-25,8,28,16,32
931,2019-04-26,6,17,11,22
931,2019-04-27,9,40,19,38
931,2019-04-28,18,45,32,64
931,2019-04-29,13,31,20,40
931,2019-04-30,14,38,24,48
932,2019-04-01,4,40,15,30
932,2019-04-03,29,64,44,88
932,2019-04-04,21,63,41,82
932,2019-04-05,18,62,42,84
932,2019-04-06,50,82,60,120
932,2019-04-07,41,86,61,122
932,2019-04-08,28,76,55,110
932,2019-04-09,46,77,60,120
932,2019-04-10,31,48,40,80
932,2019-04-11,27,51,35,70
932,2019-04-12,24,74,41,82
932,2019-04-13,36,83,59,118
932,2019-04-14,23,80,44,88
932,2019-04-15,19,76,36,72
932,2019-04-16,12,75,34,68
932,2019-04-17,14,62,33,66
932,2019-04-18,14,86,46,92
932,2019-04-19,7,77,33,66
932,2019-04-20,6,58,27,54
932,2019-04-21,3,36,19,38
932,2019-04-22,13,46,28,56
932,2019-04-23,15,34,26,52
932,2019-04-25,7,40,19,38
932,2019-04-26,4,24,11,22
932,2019-04-27,9,49,21,42
932,2019-04-28,18,50,35,70
932,2019-04-29,14,40,22,44
932,2019-04-30,20,48,28,56
933,2019-04-01,4,45,19,38
933,2019-04-03,31,75,47,94
933,2019-04-04,23,68,44,88
933,2019-04-05,16,70,44,88
933,2019-04-06,45,88,62,124
933,2019-04-07,40,105,70,140
933,2019-04-08,26,112,62,124
933,2019-04-09,46,91,65,130
933,2019-04-10,30,62,42,84
933,2019-04-11,26,56,39,78
933,2019-04-12,29,82,47,94
933,2019-04-13,51,102,73,146
933,2019-04-14,21,98,44,88
933,2019-04-15,18,77,43,86
933,2019-04-16,10,102,43,86
933,2019-04-17,12,47,31,62
933,2019-04-18,12,110,48,96
933,2019-04-19,9,100,41,82
933,2019-04-20,6,71,31,62
933,2019-04-21,5,45,20,40
933,2019-04-22,10,43,24,48
933,2019-04-23,10,33,22,44
933,2019-04-25,10,39,21,42
933,2019-04-26,5,31,16,32
933,2019-04-27,10,53,25,50
933,2019-04-28,18,58,40,80
933,2019-04-29,10,33,22,44
933,2019-04-30,20,46,28,56
934,2019-04-01,9,42,19,38
934,2019-04-03,24,56,38,76
934,2019-04-04,20,57,36,72
934,2019-04-05,15,68,41,82
934,2019-04-06,49,84,56,112
934,2019-04-07,40,77,58,116
934,2019-04-08,29,75,54,108
934,2019-04-09,43,72,57,114
934,2019-04-10,29,52,42,84
934,2019-04-11,30,56,42,84
934,2019-04-12,28,67,46,92
934,2019-04-13,46,77,62,124
934,2019-04-14,28,70,44,88
934,2019-04-15,19,74,38,76
934,2019-04-16,12,67,35,70
934,2019-04-17,15,74,36,72
934,2019-04-18,15,87,44,88
934,2019-04-19,7,84,33,66
934,2019-04-20,6,90,28,56
934,2019-04-21,4,40,21,42
934,2019-04-22,10,60,30,60
934,2019-04-23,12,32,21,42
934,2019-04-25,7,32,16,32
934,2019-04-26,4,17,10,20
934,2019-04-27,8,42,21,42
934,2019-04-28,18,47,33,66
934,2019-04-29,12,40,21,42
934,2019-04-30,19,42,25,50
935,2019-04-01,6,37,18,36
935,2019-04-03,31,61,46,92
935,2019-04-04,24,65,43,86
935,2019-04-05,19,65,44,88
935,2019-04-06,51,83,62,124
935,2019-04-07,45,96,67,134
935,2019-04-08,30,80,58,116
935,2019-04-09,48,75,61,122
935,2019-04-10,34,53,44,88
935,2019-04-11,32,61,45,90
935,2019-04-12,33,68,48,96
935,2019-04-13,51,93,67,134
935,2019-04-14,22,78,46,92
935,2019-04-15,20,73,39,78
935,2019-04-16,12,70,36,72
935,2019-04-17,16,90,43,86
935,2019-04-18,15,107,48,96
935,2019-04-25,9,38,20,40
935,2019-04-26,5,21,12,24
935,2019-04-27,8,50,24,48
935,2019-04-28,18,53,38,76
935,2019-04-29,13,41,23,46
935,2019-04-30,19,46,29,58
936,2019-04-01,7,41,20,40
936,2019-04-03,30,67,45,90
936,2019-04-04,22,65,43,86
936,2019-04-05,17,65,45,90
936,2019-04-06,52,84,60,120
936,2019-04-07,40,86,63,126
936,2019-04-08,29,76,57,114
936,2019-04-09,48,81,61,122
936,2019-04-10,30,56,43,86
936,2019-04-11,35,79,52,104
936,2019-04-12,28,80,50,100
936,2019-04-13,44,135,80,160
936,2019-04-14,26,73,44,88
936,2019-04-15,19,73,38,76
936,2019-04-16,12,76,43,86
936,2019-04-17,16,90,41,82
936,2019-04-18,14,99,48,96
936,2019-04-19,7,94,35,70
936,2019-04-20,7,58,29,58
936,2019-04-21,4,45,23,46
936,2019-04-22,9,51,28,56
936,2019-04-23,15,28,22,44
936,2019-04-25,8,32,17,34
936,2019-04-26,5,20,11,22
936,2019-04-27,8,44,22,44
936,2019-04-28,17,49,34,68
936,2019-04-29,12,42,22,44
936,2019-04-30,20,38,27,54
937,2019-04-01,5,42,20,40
937,2019-04-03,33,65,46,92
937,2019-04-04,24,60,44,88
937,2019-04-05,16,63,39,78
937,2019-04-06,44,82,62,124
937,2019-04-07,43,90,66,132
937,2019-04-08,28,86,57,114
937,2019-04-09,47,96,63,126
937,2019-04-10,31,55,44,88
937,2019-04-11,34,59,46,92
937,2019-04-12,35,74,49,98
937,2019-04-13,54,113,70,140
937,2019-04-14,24,84,46,92
937,2019-04-15,20,73,41,82
937,2019-04-16,12,77,37,74
937,2019-04-17,14,111,42,84
937,2019-04-18,14,139,55,110
937,2019-04-19,7,83,40,80
937,2019-04-20,8,62,32,64
937,2019-04-21,6,56,25,50
937,2019-04-22,10,53,30,60
937,2019-04-23,15,47,26,52
937,2019-04-25,9,48,22,44
937,2019-04-26,4,40,13,26
937,2019-04-27,9,39,22,44
937,2019-04-28,18,56,36,72
937,2019-04-29,10,30,18,36
937,2019-04-30,20,46,30,60
939,2019-04-01,6,55,28,56
939,2019-04-03,31,62,50,100
939,2019-04-04,24,73,48,96
939,2019-04-05,12,118,54,108
939,2019-04-06,46,100,68,136
939,2019-04-07,51,152,85,170
939,2019-04-08,36,196,84,168
939,2019-04-09,48,92,66,132
939,2019-04-10,40,81,53,106
939,2019-04-11,38,82,53,106
939,2019-04-12,36,92,58,116
939,2019-04-13,63,122,83,166
939,2019-04-14,29,122,56,112
939,2019-04-15,22,106,52,104
939,2019-04-16,13,96,45,90
939,2019-04-17,15,193,54,108
939,2019-04-18,16,177,77,154
939,2019-04-19,9,150,56,112
939,2019-04-20,8,86,38,76
939,2019-04-21,5,71,35,70
939,2019-04-22,13,71,34,68
939,2019-04-23,18,46,27,54
939,2019-04-25,10,54,28,56
939,2019-04-26,5,51,24,48
939,2019-04-27,11,55,26,52
939,2019-04-28,22,60,40,80
939,2019-04-29,12,56,30,60
939,2019-04-30,23,49,34,68
94,2019-04-03,39,82,54,108
94,2019-04-04,29,86,53,106
94,2019-04-05,18,92,54,108
94,2019-04-06,58,108,72,144
94,2019-04-07,50,116,74,148
94,2019-04-08,44,149,73,146
94,2019-04-09,50,112,71,142
94,2019-04-10,40,106,65,130
94,2019-04-11,44,73,57,114
94,2019-04-12,40,176,74,148
94,2019-04-13,68,203,106,212
94,2019-04-14,34,156,61,122
94,2019-04-15,26,101,57,114
94,2019-04-16,16,89,44,88
94,2019-04-17,23,236,66,132
94,2019-04-18,20,139,60,120
94,2019-04-19,16,110,50,100
94,2019-04-20,10,245,50,100
94,2019-04-21,8,107,41,82
94,2019-04-22,18,71,40,80
94,2019-04-23,13,57,32,64
94,2019-04-26,5,44,20,40
94,2019-04-27,13,58,31,62
94,2019-04-28,24,66,45,90
94,2019-04-29,14,47,26,52
94,2019-04-30,28,76,44,88
940,2019-04-01,8,54,26,52
940,2019-04-03,39,109,62,124
940,2019-04-04,24,80,49,98
940,2019-04-05,16,168,58,116
940,2019-04-06,54,104,66,132
940,2019-04-07,40,113,72,144
940,2019-04-08,26,116,70,140
940,2019-04-09,47,98,67,134
940,2019-04-10,37,62,48,96
940,2019-04-11,35,66,44,88
940,2019-04-12,32,89,51,102
940,2019-04-13,44,126,73,146
940,2019-04-14,27,77,49,98
940,2019-04-15,20,152,53,106
940,2019-04-16,12,99,47,94
940,2019-04-17,26,140,52,104
940,2019-04-18,17,146,74,148
940,2019-04-19,6,148,50,100
940,2019-04-20,6,78,39,78
940,2019-04-21,5,73,35,70
940,2019-04-22,15,68,36,72
940,2019-04-23,18,46,27,54
940,2019-04-26,6,36,19,38
940,2019-04-27,12,53,34,68
940,2019-04-28,17,70,46,92
940,2019-04-29,18,54,30,60
940,2019-04-30,22,50,34,68
942,2019-04-01,6,50,19,38
942,2019-04-02,17,52,29,58
942,2019-04-03,30,64,46,92
942,2019-04-04,23,68,43,86
942,2019-04-05,16,65,45,90
942,2019-04-06,52,81,60,120
942,2019-04-07,42,94,66,132
942,2019-04-08,29,76,57,114
942,2019-04-09,43,116,59,118
942,2019-04-10,29,54,44,88
942,2019-04-11,30,58,44,88
942,2019-04-12,31,62,48,96
942,2019-04-13,42,80,59,118
942,2019-04-14,22,71,42,84
942,2019-04-15,16,78,38,76
942,2019-04-16,12,70,37,74
942,2019-04-17,14,91,41,82
942,2019-04-18,13,115,50,100
942,2019-04-19,6,101,37,74
942,2019-04-20,6,64,32,64
942,2019-04-21,4,55,25,50
942,2019-04-22,8,53,29,58
942,2019-04-23,12,49,25,50
942,2019-04-25,10,42,24,48
942,2019-04-26,5,22,13,26
942,2019-04-27,11,45,27,54
942,2019-04-28,21,54,43,86
942,2019-04-29,13,48,26,52
942,2019-04-30,21,51,31,62
944,2019-04-01,6,39,20,40
944,2019-04-03,29,66,43,86
944,2019-04-04,23,64,42,84
944,2019-04-05,16,61,43,86
944,2019-04-06,53,91,62,124
944,2019-04-07,41,95,65,130
944,2019-04-08,32,82,60,120
944,2019-04-09,49,79,62,124
944,2019-04-10,31,55,45,90
944,2019-04-11,34,56,46,92
944,2019-04-12,28,81,49,98
944,2019-04-13,54,96,73,146
944,2019-04-14,24,88,49,98
944,2019-04-15,19,85,40,80
944,2019-04-16,12,77,39,78
944,2019-04-17,13,104,40,80
944,2019-04-18,15,100,46,92
944,2019-04-19,7,89,36,72
944,2019-04-20,7,61,30,60
944,2019-04-21,4,46,22,44
944,2019-04-22,9,48,26,52
944,2019-04-23,14,30,22,44
944,2019-04-25,8,37,19,38
944,2019-04-26,5,23,12,24
944,2019-04-27,9,48,24,48
944,2019-04-28,21,53,39,78
944,2019-04-29,16,44,26,52
944,2019-04-30,21,48,32,64
945,2019-04-01,5,43,19,38
945,2019-04-03,33,64,47,94
945,2019-04-04,21,64,44,88
945,2019-04-05,15,68,44,88
945,2019-04-06,54,93,63,126
945,2019-04-07,37,104,67,134
945,2019-04-08,23,88,60,120
945,2019-04-09,45,82,62,124
945,2019-04-10,32,53,43,86
945,2019-04-11,31,54,41,82
945,2019-04-12,32,65,45,90
945,2019-04-13,44,90,63,126
945,2019-04-14,22,73,43,86
945,2019-04-15,14,78,37,74
945,2019-04-16,11,77,38,76
945,2019-04-17,16,104,40,80
945,2019-04-18,12,142,58,116
945,2019-04-19,5,118,42,84
945,2019-04-20,6,67,32,64
945,2019-04-21,3,52,25,50
945,2019-04-22,8,62,30,60
945,2019-04-23,14,34,24,48
945,2019-04-25,10,39,22,44
945,2019-04-26,5,34,15,30
945,2019-04-27,10,47,26,52
945,2019-04-28,19,56,39,78
945,2019-04-29,15,57,25,50
945,2019-04-30,20,50,29,58
946,2019-04-01,6,50,17,34
946,2019-04-03,33,63,46,92
946,2019-04-04,24,66,44,88
946,2019-04-05,16,66,46,92
946,2019-04-06,54,88,62,124
946,2019-04-07,44,96,67,134
946,2019-04-08,30,83,60,120
946,2019-04-09,48,77,61,122
946,2019-04-10,31,51,43,86
946,2019-04-11,30,51,41,82
946,2019-04-12,28,68,44,88
946,2019-04-13,41,85,62,124
946,2019-04-14,22,84,45,90
946,2019-04-15,18,82,37,74
946,2019-04-16,13,78,40,80
946,2019-04-17,16,93,39,78
946,2019-04-18,15,118,52,104
946,2019-04-19,7,108,37,74
946,2019-04-20,6,62,32,64
946,2019-04-21,5,48,23,46
946,2019-04-22,10,49,28,56
946,2019-04-23,13,32,23,46
946,2019-04-25,8,38,20,40
946,2019-04-26,5,23,12,24
946,2019-04-27,11,43,24,48
946,2019-04-28,19,56,37,74
946,2019-04-29,12,34,22,44
946,2019-04-30,19,43,28,56
95,2019-04-07,41,89,70,140
95,2019-04-08,28,120,62,124
95,2019-04-09,44,94,61,122
95,2019-04-10,31,50,42,84
95,2019-04-11,27,61,40,80
95,2019-04-12,26,74,44,88
95,2019-04-13,58,96,69,138
95,2019-04-14,22,86,43,86
95,2019-04-15,19,69,42,84
95,2019-04-16,11,80,37,74
95,2019-04-18,14,121,49,98
95,2019-04-20,6,99,31,62
95,2019-04-26,5,37,15,30
95,2019-04-27,11,44,25,50
95,2019-04-28,22,59,42,84
95,2019-04-29,16,38,28,56
95,2019-04-30,19,51,32,64
96,2019-04-03,36,66,51,102
96,2019-04-04,27,78,48,96
96,2019-04-05,18,104,54,108
96,2019-04-06,58,121,71,142
96,2019-04-07,48,120,77,154
96,2019-04-08,35,182,70,140
96,2019-04-09,48,82,64,128
96,2019-04-10,42,68,54,108
96,2019-04-11,41,67,50,100
96,2019-04-12,38,89,57,114
96,2019-04-13,56,97,75,150
96,2019-04-14,36,96,58,116
96,2019-04-15,22,121,49,98
96,2019-04-16,15,98,48,96
96,2019-04-17,22,105,45,90
96,2019-04-18,16,119,53,106
96,2019-04-19,8,91,36,72
96,2019-04-20,7,61,29,58
96,2019-04-21,5,51,24,48
96,2019-04-22,12,46,30,60
96,2019-04-23,15,37,26,52
96,2019-04-26,6,34,15,30
96,2019-04-27,11,50,28,56
96,2019-04-28,24,59,41,82
96,2019-04-29,10,37,22,44
96,2019-04-30,24,52,33,66
97,2019-04-02,22,54,30,60
97,2019-04-03,32,64,47,94
97,2019-04-04,23,67,45,90
97,2019-04-05,15,71,46,92
97,2019-04-06,54,88,62,124
97,2019-04-07,39,99,67,134
97,2019-04-08,26,91,61,122
97,2019-04-09,44,78,60,120
97,2019-04-10,29,52,42,84
97,2019-04-11,29,54,38,76
97,2019-04-12,29,68,45,90
97,2019-04-13,42,88,62,124
97,2019-04-14,24,74,43,86
97,2019-04-15,15,75,37,74
97,2019-04-16,11,80,39,78
97,2019-04-26,5,26,13,26
97,2019-04-27,11,47,25,50
97,2019-04-28,23,57,40,80
97,2019-04-29,15,39,24,48
97,2019-04-30,21,46,30,60
98,2019-04-02,20,50,33,66
98,2019-04-03,34,67,49,98
98,2019-04-04,26,72,47,94
98,2019-04-05,18,73,50,100
98,2019-04-06,56,104,67,134
98,2019-04-07,49,106,74,148
98,2019-04-08,32,91,66,132
98,2019-04-09,50,85,64,128
98,2019-04-10,34,56,46,92
98,2019-04-11,35,53,45,90
98,2019-04-12,32,74,49,98
98,2019-04-13,49,91,68,136
98,2019-04-14,24,83,47,94
98,2019-04-15,20,86,44,88
98,2019-04-16,15,85,43,86
98,2019-04-17,19,101,44,88
98,2019-04-18,16,124,55,110
98,2019-04-19,8,112,37,74
98,2019-04-20,8,68,33,66
98,2019-04-21,5,50,25,50
98,2019-04-22,11,55,31,62
98,2019-04-23,16,36,26,52
98,2019-04-26,5,26,14,28
98,2019-04-27,11,50,28,56
98,2019-04-28,26,66,45,90
98,2019-04-29,18,48,31,62
98,2019-04-30,21,48,34,68
99,2019-04-03,36,69,50,100
99,2019-04-04,27,65,46,92
99,2019-04-05,18,66,43,86
99,2019-04-06,56,100,70,140
99,2019-04-07,55,114,80,160
99,2019-04-08,38,126,77,154
99,2019-04-09,52,94,69,138
99,2019-04-10,38,66,50,100
99,2019-04-11,40,65,54,108
99,2019-04-12,36,86,58,116
99,2019-04-13,62,127,81,162
99,2019-04-14,32,95,53,106
99,2019-04-15,24,83,48,96
99,2019-04-16,13,94,44,88
99,2019-04-17,15,156,55,110
99,2019-04-18,15,141,61,122
99,2019-04-19,9,129,45,90
99,2019-04-20,9,76,37,74
99,2019-04-21,6,69,32,64
99,2019-04-22,10,66,36,72
99,2019-04-23,15,39,27,54
99,2019-04-26,6,32,16,32
99,2019-04-27,12,50,30,60
99,2019-04-28,30,66,50,100
99,2019-04-29,22,70,37,74
99,2019-04-30,25,54,38,76
